{
activity: {
_disambiguationId: null,
activityStatus: "SUCCESS",
creationTimestamp: 1500272434384,
description: "{"summary":"who yes","firstUtteranceId":"AB72C64C86AW2:1.0/2017/07/17/06/B0F00715535302W5/20:31::TNIH_2V.05eed18d-443a-48e7-9373-7bc41ca46012ZXV/1","firstStreamId":"AB72C64C86AW2:1.0/2017/07/17/06/B0F00715535302W5/20:31::TNIH_2V.05eed18d-443a-48e7-9373-7bc41ca46012ZXV"}",
domainAttributes: "{"disambiguated":false,"nBestList":[{"entryType":"Knowledge","mainEntity":{"tkid":"[yes]","smallImageUrl":"http://ecx.images-amazon.com/images/S/com.evi.images-irs/93/930ef3a2913caba20ee3dbade0390339._UL600_.jpg","commonTranslation":"Yes","imageAttributionUrl":"http://commons.wikimedia.org/wiki/File:Yes_concert.jpg","imageUrl":"http://ecx.images-amazon.com/images/S/com.evi.images-irs/93/930ef3a2913caba20ee3dbade0390339._UL540_.jpg","largeImageUrl":"http://ecx.images-amazon.com/images/S/com.evi.images-irs/93/930ef3a2913caba20ee3dbade0390339._UX1440_SY810_.jpg","mediumImageUrl":"http://ecx.images-amazon.com/images/S/com.evi.images-irs/93/930ef3a2913caba20ee3dbade0390339._UX1024_SY600_.jpg","imageAttributionText":"(Image: Wikipedia)","properties":{"display_hint":"[popular music group]","semantic_type":"[popular music group]","image_url":"http://ecx.images-amazon.com/images/S/com.evi.images-irs/93/930ef3a2913caba20ee3dbade0390339._UL540_.jpg","name":"Yes","wikipedia_page":"https://en.wikipedia.org/wiki/Yes_(band)"},"wikipediaUrl":"https://en.wikipedia.org/wiki/Yes_(band)"},"answerText":"Yes are an English rock band formed in London in 1968 by singer Jon Anderson, bassist Chris Squire, guitarist Peter Banks, keyboardist Tony Kaye, and drummer Bill Bruford.","answered":true,"validForGUI":true,"questionEntities":[{"tkid":"[yes]","smallImageUrl":"http://ecx.images-amazon.com/images/S/com.evi.images-irs/93/930ef3a2913caba20ee3dbade0390339._UL600_.jpg","commonTranslation":"Yes","imageAttributionUrl":"http://commons.wikimedia.org/wiki/File:Yes_concert.jpg","imageUrl":"http://ecx.images-amazon.com/images/S/com.evi.images-irs/93/930ef3a2913caba20ee3dbade0390339._UL540_.jpg","largeImageUrl":"http://ecx.images-amazon.com/images/S/com.evi.images-irs/93/930ef3a2913caba20ee3dbade0390339._UX1440_SY810_.jpg","mediumImageUrl":"http://ecx.images-amazon.com/images/S/com.evi.images-irs/93/930ef3a2913caba20ee3dbade0390339._UX1024_SY600_.jpg","imageAttributionText":"(Image: Wikipedia)","properties":{"display_hint":"[popular music group]","semantic_type":"[popular music group]","image_url":"http://ecx.images-amazon.com/images/S/com.evi.images-irs/93/930ef3a2913caba20ee3dbade0390339._UL540_.jpg","name":"Yes","wikipedia_page":"https://en.wikipedia.org/wiki/Yes_(band)"},"wikipediaUrl":"https://en.wikipedia.org/wiki/Yes_(band)"}],"domains":["[music question and answer domain]"],"answerEntities":[{"tkid":"[yes]","smallImageUrl":"http://ecx.images-amazon.com/images/S/com.evi.images-irs/93/930ef3a2913caba20ee3dbade0390339._UL600_.jpg","commonTranslation":"Yes","imageAttributionUrl":"http://commons.wikimedia.org/wiki/File:Yes_concert.jpg","imageUrl":"http://ecx.images-amazon.com/images/S/com.evi.images-irs/93/930ef3a2913caba20ee3dbade0390339._UL540_.jpg","largeImageUrl":"http://ecx.images-amazon.com/images/S/com.evi.images-irs/93/930ef3a2913caba20ee3dbade0390339._UX1440_SY810_.jpg","mediumImageUrl":"http://ecx.images-amazon.com/images/S/com.evi.images-irs/93/930ef3a2913caba20ee3dbade0390339._UX1024_SY600_.jpg","imageAttributionText":"(Image: Wikipedia)","properties":{"display_hint":"[popular music group]","semantic_type":"[popular music group]","image_url":"http://ecx.images-amazon.com/images/S/com.evi.images-irs/93/930ef3a2913caba20ee3dbade0390339._UL540_.jpg","name":"Yes","wikipedia_page":"https://en.wikipedia.org/wiki/Yes_(band)"},"wikipediaUrl":"https://en.wikipedia.org/wiki/Yes_(band)"}],"questionText":"Who is Yes?","wikipediaUrl":"https://en.wikipedia.org/wiki/Yes_(band)","spokenAnswerSsml":"<speak><prosody volume=\"x-loud\"><p>Yes are an English rock band formed in London in 1968 by singer Jon Anderson, bassist Chris Squire, guitarist Peter Banks, keyboardist Tony Kaye, and drummer Bill Bruford.<\/p><\/prosody><metadata><promptMetadata><promptId>AnswerSsml<\/promptId><namespace>SmartDJ.MusicQA<\/namespace><locale>en_US<\/locale><overrideId>default<\/overrideId><variant>809dfcd2-2807-4eaf-93e9-1130c2db01fa<\/variant><condition/><weight>1<\/weight><stageVersion>Adm-20141203_202706-183<\/stageVersion><promptData><namespace>SmartDJ.MusicQA<\/namespace><overrideId/><prosodyPreRenderHook/><answer>&lt;p&gt;Yes are an English rock band formed in London in 1968 by singer Jon Anderson, bassist Chris Squire, guitarist Peter Banks, keyboardist Tony Kaye, and drummer Bill Bruford.&lt;/p&gt;<\/answer><promptID>AnswerSsml<\/promptID><\/promptData><\/promptMetadata><\/metadata><\/speak>","searchQueryText":"who is yes","spokenAnswerText":"Yes are an English rock band formed in London in 1968 by singer Jon Anderson, bassist Chris Squire, guitarist Peter Banks, keyboardist Tony Kaye, and drummer Bill Bruford.","understood":true,"answerListIntroductionText":"Yes are an English rock band formed in London in 1968 by singer Jon Anderson, bassist Chris Squire, guitarist Peter Banks, keyboardist Tony Kaye, and drummer Bill Bruford."}]}",
domainType: null,
feedbackAttributes: null,
id: "A32TRBM6QOXJ5H#1500272434384#AB72C64C86AW2#B0F00715535302W5",
intentType: null,
providerInfoDescription: null,
registeredCustomerId: "A32TRBM6QOXJ5H",
sourceActiveUsers: null,
sourceDeviceIds: [
{
deviceAccountId: null,
deviceType: "AB72C64C86AW2",
serialNumber: "B0F00715535302W5"
}
],
utteranceId: "AB72C64C86AW2:1.0/2017/07/17/06/B0F00715535302W5/20:31::TNIH_2V.05eed18d-443a-48e7-9373-7bc41ca46012ZXV",
version: 1
}
}