{"queueInfo":{"header":{"actions":null,"infoText":null,"primaryAction":null,"queueId":"da1fb2af-b528-4d94-8d72-96a3b29eb998"},"media":[{"actions":[{"mediaOwnerCustomerId":"A32TRBM6QOXJ5H","rating":"NONE","type":"RateContentAction"},{"searchTerm":"Boston","type":"SearchForStationByArtistAction"},{"searchTerm":"More Than A Feeling","type":"SearchForStationBySongAction"},{"artistName":"Boston","type":"CreateArtistStationAction"},{"musicToken":"PHWyanv6cU4c-8rE-kLAfeA7SxYL1ZpI2NojWwl26Iu4kdeFT4gBPGaWfRJW9Ey677avJ2IFRHFOsLbfEAowcKg","type":"CreateSongStationAction"},{"affiliateTag":"wwwpandoracom-20","searchTerm":"More Than A Feeling","searchTermType":"track","type":"ShopMusicStoreByKeywordAction"},{"contentId":"PHWyanv6cU4c-8rE-kLAfeA7SxYL1ZpI2NojWwl26Iu4kdeFT4gBPGaWfRJW9Ey677avJ2IFRHFOsLbfEAowcKg","type":"BookmarkContentAction"},{"type":"TiredOfContentAction"}],"art":{"altText":"Album Art","artType":"UrlArtSource","contentType":"image/*","url":"http://mediaserver-cont-dc6-2-v4v6.pandora.com/images/public/int/9/2/8/8/074643418829_500W_500H.jpg"},"artOverlay":null,"index":1,"infoText":{"multiLineMode":false,"subText1":"Boston","subText2":"Pandora","title":"More Than A Feeling"},"mediaId":"da1fb2af-b528-4d94-8d72-96a3b29eb998:1","primaryAction":null}],"nextPageToken":null,"previousPageToken":null,"queueType":"SINGLETON_QUEUE"}}