{"devices":[{"accountName":"simon's Echo","appDeviceList":[],"capabilities":["DEREGISTER_DEVICE","TUNE_IN","SET_LOCALE","KINDLE_BOOKS","PAIR_BT_SINK","DREAM_TRAINING","PERSISTENT_CONNECTION","REQUIRES_OOBE_FOR_SETUP","POPTART","PAIR_REMOTE","I_HEART_RADIO","SUPPORTS_CONNECTED_HOME_ALL","SLEEP","TIMERS_AND_ALARMS","AUDIO_PLAYER","LEMUR_ALPHA","SOUND_SETTINGS","SALMON","FAR_FIELD_WAKE_WORD","VOICE_TRAINING","SUPPORTS_SOFTWARE_VERSION","AUDIBLE","CUSTOM_ALARM_TONE","PANDORA","UPDATE_WIFI","ACTIVE_AFTER_FRO","CHANGE_NAME","EARCONS","FLASH_BRIEFING","AMAZON_MUSIC","GOLDFISH","REMINDERS","PAIR_BT_SOURCE","SUPPORTS_CONNECTED_HOME"],"charging":null,"clusterMembers":[],"deviceAccountId":"A1ATLHIHXAQVBH","deviceFamily":"ECHO","deviceOwnerCustomerId":"A32TRBM6QOXJ5H","deviceType":"AB72C64C86AW2","deviceTypeFriendlyName":null,"essid":"HOME","language":null,"macAddress":"A002DC086DB1","online":true,"parentClusters":[],"postalCode":null,"registrationId":null,"remainingBatteryLevel":null,"serialNumber":"B0F00715535302W5","softwareVersion":"582001520"}]}