{"playerInfo":{"hint":null,"infoText":{"multiLineMode":false,"subText1":"Streaming","subText2":null,"title":"Bluetooth"},"isPlayingInLemur":false,"lemurVolume":null,"lyrics":null,"mainArt":{"altText":null,"artType":"IconArtSource","iconId":"bluetooth-art","iconStyles":null},"mediaId":"BluetoothMediaId","miniArt":{"altText":null,"artType":"IconArtSource","iconId":"bluetooth-art","iconStyles":null},"miniInfoText":{"multiLineMode":false,"subText1":"Streaming","subText2":null,"title":"Bluetooth"},"playbackSource":null,"playingInLemurId":null,"progress":{"allowScrubbing":false,"locationInfo":null,"mediaLength":0,"mediaProgress":0,"showTiming":false,"visible":false},"provider":{"artOverlay":null,"fallbackMainArt":{"altText":null,"artType":"IconArtSource","iconId":"bluetooth-art","iconStyles":null},"providerDisplayName":null,"providerLogo":{"altText":null,"artType":"IconArtSource","iconId":"bluetooth-art","iconStyles":null},"providerName":null},"queueId":null,"state":"PLAYING","template":null,"transport":{"layoutType":"MusicTransportLayout","lyrics":null,"next":"ENABLED","playPause":"ENABLED","previous":"ENABLED","repeat":"HIDDEN","shuffle":"HIDDEN"},"volume":{"muted":false,"volume":60}}}