{"networkDetail":"{\"locationDetails\":{\"locationDetails\":{\"Default_Location\":{\"locationId\":\"Default_Location\",\"amazonBridgeDetails\":{\"amazonBridgeDetails\":{\"LambdaBridge_SKILL/eyJza2lsbElkIjoiYW16bjEuYXNrLnNraWxsLjAxMTliMWY5LWE4ZGYtNDdmNC04ZjM5LWQyZjA1NGUzYTQ1NyIsInN0YWdlIjoibGl2ZSJ9\":{\"amazonBridgeIdentifier\":{\"amazonBridgeDSN\":\"SKILL/eyJza2lsbElkIjoiYW16bjEuYXNrLnNraWxsLjAxMTliMWY5LWE4ZGYtNDdmNC04ZjM5LWQyZjA1NGUzYTQ1NyIsInN0YWdlIjoibGl2ZSJ9\",\"amazonBridgeType\":\"LambdaBridge\",\"lambdaBridge\":true},\"applianceDetails\":{\"applianceDetails\":{\"SKILL_eyJza2lsbElkIjoiYW16bjEuYXNrLnNraWxsLjAxMTliMWY5LWE4ZGYtNDdmNC04ZjM5LWQyZjA1NGUzYTQ1NyIsInN0YWdlIjoibGl2ZSJ9_A9Tw0Xm9t7IZ9Uct2v-e0c5rdMK2pgYt\":{\"applianceId\":\"SKILL_eyJza2lsbElkIjoiYW16bjEuYXNrLnNraWxsLjAxMTliMWY5LWE4ZGYtNDdmNC04ZjM5LWQyZjA1NGUzYTQ1NyIsInN0YWdlIjoibGl2ZSJ9_A9Tw0Xm9t7IZ9Uct2v-e0c5rdMK2pgYt\",\"endpointTypeId\":\"\",\"driverIdentity\":{\"namespace\":\"SKILL\",\"identifier\":\"eyJza2lsbElkIjoiYW16bjEuYXNrLnNraWxsLjAxMTliMWY5LWE4ZGYtNDdmNC04ZjM5LWQyZjA1NGUzYTQ1NyIsInN0YWdlIjoibGl2ZSJ9\"},\"manufacturerName\":\"Nest\",\"friendlyDescription\":\"Nest Thermostat: Living Room in hallymhome\",\"modelName\":\"Nest Thermostat\",\"deviceType\":\"CLOUD_DISCOVERED_DEVICE\",\"version\":\"5.6.2-3\",\"friendlyName\":\"Living Room\",\"friendlyNameModifiedAt\":1499839045246,\"ipAddress\":\"\",\"port\":\"\",\"entityId\":\"86c0adf0-55e9-481d-b20b-43334479b865\",\"applianceNetworkState\":{\"reachability\":\"REACHABLE\",\"lastSeenAt\":1499931340519,\"createdAt\":1499839045246,\"lastSeenDiscoverySessionId\":{\"value\":\"amzn1.HomeAutomation.ApplianceDiscovery.A32TRBM6QOXJ5H.AB72C64C86AW2.B0F00715535302W5.CLOUD.2017-07-13T07:10:47.155Z.a507c332-915a-4adf-a1a4-8cf66ca8ec5e\"}},\"tags\":{\"tagNameToValueSetMap\":{}},\"additionalApplianceDetails\":{\"additionalApplianceDetails\":{}},\"firmwareVersion\":\"0\",\"actions\":[\"getTemperatureReading\",\"setTargetTemperature\",\"getTargetTemperature\",\"incrementTargetTemperature\",\"decrementTargetTemperature\"],\"capabilities\":[],\"applianceTypes\":[],\"isEnabled\":true,\"aliases\":[],\"ipaddress\":\"\",\"applianceLambdaControlled\":true,\"applianceDriverIdentity\":{\"namespace\":\"SKILL\",\"identifier\":\"eyJza2lsbElkIjoiYW16bjEuYXNrLnNraWxsLjAxMTliMWY5LWE4ZGYtNDdmNC04ZjM5LWQyZjA1NGUzYTQ1NyIsInN0YWdlIjoibGl2ZSJ9\"}}}}},\"LambdaBridge_SKILL/eyJza2lsbElkIjoiYW16bjEuYXNrLnNraWxsLjJiZGJjNzRmLWNlNGQtNGUyZC1iNzQxLTMyNmM3YmEzNThmMCIsInN0YWdlIjoibGl2ZSJ9\":{\"amazonBridgeIdentifier\":{\"amazonBridgeDSN\":\"SKILL/eyJza2lsbElkIjoiYW16bjEuYXNrLnNraWxsLjJiZGJjNzRmLWNlNGQtNGUyZC1iNzQxLTMyNmM3YmEzNThmMCIsInN0YWdlIjoibGl2ZSJ9\",\"amazonBridgeType\":\"LambdaBridge\",\"lambdaBridge\":true},\"applianceDetails\":{\"applianceDetails\":{\"SKILL_eyJza2lsbElkIjoiYW16bjEuYXNrLnNraWxsLjJiZGJjNzRmLWNlNGQtNGUyZC1iNzQxLTMyNmM3YmEzNThmMCIsInN0YWdlIjoibGl2ZSJ9_bcb703ab-e8d1-4d20-b763-38e0d7e88510\":{\"applianceId\":\"SKILL_eyJza2lsbElkIjoiYW16bjEuYXNrLnNraWxsLjJiZGJjNzRmLWNlNGQtNGUyZC1iNzQxLTMyNmM3YmEzNThmMCIsInN0YWdlIjoibGl2ZSJ9_bcb703ab-e8d1-4d20-b763-38e0d7e88510\",\"endpointTypeId\":\"\",\"driverIdentity\":{\"namespace\":\"SKILL\",\"identifier\":\"eyJza2lsbElkIjoiYW16bjEuYXNrLnNraWxsLjJiZGJjNzRmLWNlNGQtNGUyZC1iNzQxLTMyNmM3YmEzNThmMCIsInN0YWdlIjoibGl2ZSJ9\"},\"manufacturerName\":\"SmartThings\",\"friendlyDescription\":\"SmartThings Routine\",\"modelName\":\"SmartThings\",\"deviceType\":\"CLOUD_DISCOVERED_DEVICE\",\"version\":\"V1.0\",\"friendlyName\":\"Good Morning!\",\"friendlyNameModifiedAt\":1499839249506,\"ipAddress\":\"\",\"port\":\"\",\"entityId\":\"889ec6c1-5967-4069-b351-8ad642c152f8\",\"applianceNetworkState\":{\"reachability\":\"NOT_REACHABLE\",\"lastSeenAt\":1499931340519,\"createdAt\":1499839249506,\"lastSeenDiscoverySessionId\":{\"value\":\"amzn1.HomeAutomation.ApplianceDiscovery.A32TRBM6QOXJ5H.AB72C64C86AW2.B0F00715535302W5.CLOUD.2017-07-12T06:05:30.938Z.8749697b-4e1f-42fc-a84c-c7722124f019\"}},\"tags\":{\"tagNameToValueSetMap\":{}},\"additionalApplianceDetails\":{\"additionalApplianceDetails\":{}},\"firmwareVersion\":\"0\",\"actions\":[\"turnOn\"],\"capabilities\":[],\"applianceTypes\":[\"SCENE_TRIGGER\"],\"isEnabled\":true,\"aliases\":[],\"ipaddress\":\"\",\"applianceLambdaControlled\":true,\"applianceDriverIdentity\":{\"namespace\":\"SKILL\",\"identifier\":\"eyJza2lsbElkIjoiYW16bjEuYXNrLnNraWxsLjJiZGJjNzRmLWNlNGQtNGUyZC1iNzQxLTMyNmM3YmEzNThmMCIsInN0YWdlIjoibGl2ZSJ9\"}},\"SKILL_eyJza2lsbElkIjoiYW16bjEuYXNrLnNraWxsLjJiZGJjNzRmLWNlNGQtNGUyZC1iNzQxLTMyNmM3YmEzNThmMCIsInN0YWdlIjoibGl2ZSJ9_96be0c07-8166-45e2-98c3-eca92f30c586\":{\"applianceId\":\"SKILL_eyJza2lsbElkIjoiYW16bjEuYXNrLnNraWxsLjJiZGJjNzRmLWNlNGQtNGUyZC1iNzQxLTMyNmM3YmEzNThmMCIsInN0YWdlIjoibGl2ZSJ9_96be0c07-8166-45e2-98c3-eca92f30c586\",\"endpointTypeId\":\"\",\"driverIdentity\":{\"namespace\":\"SKILL\",\"identifier\":\"eyJza2lsbElkIjoiYW16bjEuYXNrLnNraWxsLjJiZGJjNzRmLWNlNGQtNGUyZC1iNzQxLTMyNmM3YmEzNThmMCIsInN0YWdlIjoibGl2ZSJ9\"},\"manufacturerName\":\"SmartThings\",\"friendlyDescription\":\"SmartThings Routine\",\"modelName\":\"SmartThings\",\"deviceType\":\"CLOUD_DISCOVERED_DEVICE\",\"version\":\"V1.0\",\"friendlyName\":\"Good Night!\",\"friendlyNameModifiedAt\":1499839249506,\"ipAddress\":\"\",\"port\":\"\",\"entityId\":\"499b72e7-196a-4aa7-a03a-ec48ff0fd98d\",\"applianceNetworkState\":{\"reachability\":\"NOT_REACHABLE\",\"lastSeenAt\":1499931340519,\"createdAt\":1499839249506,\"lastSeenDiscoverySessionId\":{\"value\":\"amzn1.HomeAutomation.ApplianceDiscovery.A32TRBM6QOXJ5H.AB72C64C86AW2.B0F00715535302W5.CLOUD.2017-07-12T06:05:30.938Z.8749697b-4e1f-42fc-a84c-c7722124f019\"}},\"tags\":{\"tagNameToValueSetMap\":{}},\"additionalApplianceDetails\":{\"additionalApplianceDetails\":{}},\"firmwareVersion\":\"0\",\"actions\":[\"turnOn\"],\"capabilities\":[],\"applianceTypes\":[\"SCENE_TRIGGER\"],\"isEnabled\":true,\"aliases\":[],\"ipaddress\":\"\",\"applianceLambdaControlled\":true,\"applianceDriverIdentity\":{\"namespace\":\"SKILL\",\"identifier\":\"eyJza2lsbElkIjoiYW16bjEuYXNrLnNraWxsLjJiZGJjNzRmLWNlNGQtNGUyZC1iNzQxLTMyNmM3YmEzNThmMCIsInN0YWdlIjoibGl2ZSJ9\"}},\"SKILL_eyJza2lsbElkIjoiYW16bjEuYXNrLnNraWxsLjJiZGJjNzRmLWNlNGQtNGUyZC1iNzQxLTMyNmM3YmEzNThmMCIsInN0YWdlIjoibGl2ZSJ9_6ea029ce-c760-44cf-a30a-46c2c3013622\":{\"applianceId\":\"SKILL_eyJza2lsbElkIjoiYW16bjEuYXNrLnNraWxsLjJiZGJjNzRmLWNlNGQtNGUyZC1iNzQxLTMyNmM3YmEzNThmMCIsInN0YWdlIjoibGl2ZSJ9_6ea029ce-c760-44cf-a30a-46c2c3013622\",\"endpointTypeId\":\"\",\"driverIdentity\":{\"namespace\":\"SKILL\",\"identifier\":\"eyJza2lsbElkIjoiYW16bjEuYXNrLnNraWxsLjJiZGJjNzRmLWNlNGQtNGUyZC1iNzQxLTMyNmM3YmEzNThmMCIsInN0YWdlIjoibGl2ZSJ9\"},\"manufacturerName\":\"SmartThings\",\"friendlyDescription\":\"SmartThings Routine\",\"modelName\":\"SmartThings\",\"deviceType\":\"CLOUD_DISCOVERED_DEVICE\",\"version\":\"V1.0\",\"friendlyName\":\"Goodbye!\",\"friendlyNameModifiedAt\":1499839249506,\"ipAddress\":\"\",\"port\":\"\",\"entityId\":\"2f6fb2fc-46d3-4087-9f48-853e65a9f587\",\"applianceNetworkState\":{\"reachability\":\"NOT_REACHABLE\",\"lastSeenAt\":1499931340519,\"createdAt\":1499839249506,\"lastSeenDiscoverySessionId\":{\"value\":\"amzn1.HomeAutomation.ApplianceDiscovery.A32TRBM6QOXJ5H.AB72C64C86AW2.B0F00715535302W5.CLOUD.2017-07-12T06:05:30.938Z.8749697b-4e1f-42fc-a84c-c7722124f019\"}},\"tags\":{\"tagNameToValueSetMap\":{}},\"additionalApplianceDetails\":{\"additionalApplianceDetails\":{}},\"firmwareVersion\":\"0\",\"actions\":[\"turnOn\"],\"capabilities\":[],\"applianceTypes\":[\"SCENE_TRIGGER\"],\"isEnabled\":true,\"aliases\":[],\"ipaddress\":\"\",\"applianceLambdaControlled\":true,\"applianceDriverIdentity\":{\"namespace\":\"SKILL\",\"identifier\":\"eyJza2lsbElkIjoiYW16bjEuYXNrLnNraWxsLjJiZGJjNzRmLWNlNGQtNGUyZC1iNzQxLTMyNmM3YmEzNThmMCIsInN0YWdlIjoibGl2ZSJ9\"}},\"SKILL_eyJza2lsbElkIjoiYW16bjEuYXNrLnNraWxsLjJiZGJjNzRmLWNlNGQtNGUyZC1iNzQxLTMyNmM3YmEzNThmMCIsInN0YWdlIjoibGl2ZSJ9_1325ddbb-db29-4153-8b51-8b21e5f81f36\":{\"applianceId\":\"SKILL_eyJza2lsbElkIjoiYW16bjEuYXNrLnNraWxsLjJiZGJjNzRmLWNlNGQtNGUyZC1iNzQxLTMyNmM3YmEzNThmMCIsInN0YWdlIjoibGl2ZSJ9_1325ddbb-db29-4153-8b51-8b21e5f81f36\",\"endpointTypeId\":\"\",\"driverIdentity\":{\"namespace\":\"SKILL\",\"identifier\":\"eyJza2lsbElkIjoiYW16bjEuYXNrLnNraWxsLjJiZGJjNzRmLWNlNGQtNGUyZC1iNzQxLTMyNmM3YmEzNThmMCIsInN0YWdlIjoibGl2ZSJ9\"},\"manufacturerName\":\"SmartThings\",\"friendlyDescription\":\"SmartThings Routine\",\"modelName\":\"SmartThings\",\"deviceType\":\"CLOUD_DISCOVERED_DEVICE\",\"version\":\"V1.0\",\"friendlyName\":\"IAmBack\",\"friendlyNameModifiedAt\":1499839249506,\"ipAddress\":\"\",\"port\":\"\",\"entityId\":\"b7272d2c-adde-49a4-b5d6-bc4ed12deb56\",\"applianceNetworkState\":{\"reachability\":\"NOT_REACHABLE\",\"lastSeenAt\":1499931340519,\"createdAt\":1499839249506,\"lastSeenDiscoverySessionId\":{\"value\":\"amzn1.HomeAutomation.ApplianceDiscovery.A32TRBM6QOXJ5H.AB72C64C86AW2.B0F00715535302W5.CLOUD.2017-07-12T06:05:30.938Z.8749697b-4e1f-42fc-a84c-c7722124f019\"}},\"tags\":{\"tagNameToValueSetMap\":{}},\"additionalApplianceDetails\":{\"additionalApplianceDetails\":{}},\"firmwareVersion\":\"0\",\"actions\":[\"turnOn\"],\"capabilities\":[],\"applianceTypes\":[\"SCENE_TRIGGER\"],\"isEnabled\":true,\"aliases\":[],\"ipaddress\":\"\",\"applianceLambdaControlled\":true,\"applianceDriverIdentity\":{\"namespace\":\"SKILL\",\"identifier\":\"eyJza2lsbElkIjoiYW16bjEuYXNrLnNraWxsLjJiZGJjNzRmLWNlNGQtNGUyZC1iNzQxLTMyNmM3YmEzNThmMCIsInN0YWdlIjoibGl2ZSJ9\"}}}}}}},\"applianceGroups\":{\"applianceGroups\":{}}}}},\"version\":\"1.0\"}"}