{"playerInfo":{"hint":null,"infoText":{"multiLineMode":false,"subText1":"Boston","subText2":"Take-Off Artist Song Radio","title":"More Than A Feeling"},"isPlayingInLemur":false,"lemurVolume":null,"lyrics":null,"mainArt":{"altText":"Album Art","artType":"UrlArtSource","contentType":"image/*","url":"http://mediaserver-cont-dc6-2-v4v6.pandora.com/images/public/int/9/2/8/8/074643418829_500W_500H.jpg"},"mediaId":"da1fb2af-b528-4d94-8d72-96a3b29eb998:1","miniArt":{"altText":"Pandora","artType":"IconArtSource","iconId":"amber","iconStyles":null},"miniInfoText":{"multiLineMode":false,"subText1":"Boston","subText2":"Pandora","title":"More Than A Feeling"},"playbackSource":null,"playingInLemurId":null,"progress":{"allowScrubbing":false,"locationInfo":null,"mediaLength":284,"mediaProgress":33,"showTiming":false,"visible":true},"provider":{"artOverlay":null,"fallbackMainArt":{"altText":null,"artType":"IconArtSource","iconId":"music-no-art","iconStyles":null},"providerDisplayName":null,"providerLogo":{"altText":"Pandora","artType":"IconArtSource","iconId":"amber","iconStyles":null},"providerName":"Pandora"},"queueId":"da1fb2af-b528-4d94-8d72-96a3b29eb998","state":"PAUSED","template":null,"transport":{"layoutType":"MusicStationTransportLayout","lyrics":null,"next":"ENABLED","playPause":"ENABLED","previous":"DISABLED","rateContentAction":{"mediaOwnerCustomerId":"A32TRBM6QOXJ5H","rating":null,"type":"RateContentAction"},"thumbsDown":"ENABLED","thumbsUp":"ENABLED"},"volume":{"muted":false,"volume":60}}}