{"devices":[{"accountName":"simon's Echo","appDeviceList":[],"capabilities":["I_HEART_RADIO","PAIR_BT_SOURCE","DEREGISTER_DEVICE","CHANGE_NAME","PANDORA","REQUIRES_OOBE_FOR_SETUP","UPDATE_WIFI","TIMERS_AND_ALARMS","ACTIVE_AFTER_FRO","LEMUR_ALPHA","FAR_FIELD_WAKE_WORD","AMAZON_MUSIC","EARCONS","VOICE_TRAINING","PAIR_REMOTE","REMINDERS","AUDIO_PLAYER","CUSTOM_ALARM_TONE","PAIR_BT_SINK","TUNE_IN","SALMON","SUPPORTS_CONNECTED_HOME_ALL","PERSISTENT_CONNECTION","AUDIBLE","FLASH_BRIEFING","SUPPORTS_CONNECTED_HOME","POPTART","SLEEP","DREAM_TRAINING","SOUND_SETTINGS","KINDLE_BOOKS","SUPPORTS_SOFTWARE_VERSION","SET_LOCALE","GOLDFISH"],"charging":null,"clusterMembers":[],"deviceAccountId":"A1ATLHIHXAQVBH","deviceFamily":"ECHO","deviceOwnerCustomerId":"A32TRBM6QOXJ5H","deviceType":"AB72C64C86AW2","deviceTypeFriendlyName":null,"essid":"HOME","language":null,"macAddress":"A002DC086DB1","online":true,"parentClusters":[],"postalCode":null,"registrationId":null,"remainingBatteryLevel":null,"serialNumber":"B0F00715535302W5","softwareVersion":"582001520"}]}