{"devices":[{"accountName":"simon's Echo","appDeviceList":[],"capabilities":["SALMON","SET_LOCALE","CHANGE_NAME","PERSISTENT_CONNECTION","EARCONS","PAIR_REMOTE","DEREGISTER_DEVICE","SUPPORTS_CONNECTED_HOME","I_HEART_RADIO","FLASH_BRIEFING","PAIR_BT_SOURCE","FAR_FIELD_WAKE_WORD","AUDIO_PLAYER","VOICE_TRAINING","CUSTOM_ALARM_TONE","SLEEP","GOLDFISH","TUNE_IN","DREAM_TRAINING","SOUND_SETTINGS","PANDORA","ACTIVE_AFTER_FRO","TIMERS_AND_ALARMS","UPDATE_WIFI","POPTART","REMINDERS","REQUIRES_OOBE_FOR_SETUP","KINDLE_BOOKS","PAIR_BT_SINK","AUDIBLE","LEMUR_ALPHA","AMAZON_MUSIC","SUPPORTS_SOFTWARE_VERSION","SUPPORTS_CONNECTED_HOME_ALL"],"charging":null,"clusterMembers":[],"deviceAccountId":"A1ATLHIHXAQVBH","deviceFamily":"ECHO","deviceOwnerCustomerId":"A32TRBM6QOXJ5H","deviceType":"AB72C64C86AW2","deviceTypeFriendlyName":null,"essid":"HOME","language":null,"macAddress":"A002DC086DB1","online":true,"parentClusters":[],"postalCode":null,"registrationId":null,"remainingBatteryLevel":null,"serialNumber":"B0F00715535302W5","softwareVersion":"582001520"}]}