{"media":[{"album":null,"albumAsin":null,"artist":null,"asin":null,"cardImageURL":null,"contentId":null,"contentType":"CUSTOM_STATION","durationSeconds":0,"feedbackDisabled":false,"historicalId":"ac8c1d3b-a9f5-402f-983b-e99874f0b9a3_1499930959440","imageURL":null,"index":1,"isAd":false,"isDisliked":false,"isFreeWithPrime":false,"isLiked":false,"programId":null,"programName":null,"providerId":"AMBER","queueId":"ac8c1d3b-a9f5-402f-983b-e99874f0b9a3","radioStationCallSign":null,"radioStationId":null,"radioStationLocation":null,"radioStationName":"Take-Off Artist Song Radio","radioStationSlogan":null,"referenceId":null,"service":null,"startTime":1499930959440,"title":null,"trackId":null,"trackStatus":null},{"album":null,"albumAsin":null,"artist":null,"asin":null,"cardImageURL":"http://cdn-profiles.tunein.com/p68032/images/logog.png","contentId":null,"contentType":"PODCASTS","durationSeconds":2849,"feedbackDisabled":false,"historicalId":"e2673d0c-0507-4681-b6a2-f8c9dd748af4_1499929217495","imageURL":"http://cdn-profiles.tunein.com/p68032/images/logot.png","index":1,"isAd":false,"isDisliked":false,"isFreeWithPrime":false,"isLiked":false,"programId":null,"programName":"RadioLab","providerId":"TUNE_IN","queueId":"e2673d0c-0507-4681-b6a2-f8c9dd748af4","radioStationCallSign":null,"radioStationId":null,"radioStationLocation":null,"radioStationName":null,"radioStationSlogan":null,"referenceId":"t114866710","service":"TUNE_IN","startTime":1499929217495,"title":"Revising the Fault Line (47 minutes)","trackId":null,"trackStatus":null},{"album":null,"albumAsin":null,"artist":null,"asin":null,"cardImageURL":"http://cdn-profiles.tunein.com/p68032/images/logog.png","contentId":null,"contentType":"PODCASTS","durationSeconds":2849,"feedbackDisabled":false,"historicalId":"c024472f-7737-4202-9b2a-663bde4a7cdb_1499838940112","imageURL":"http://cdn-profiles.tunein.com/p68032/images/logot.png","index":1,"isAd":false,"isDisliked":false,"isFreeWithPrime":false,"isLiked":false,"programId":null,"programName":"RadioLab","providerId":"TUNE_IN","queueId":"c024472f-7737-4202-9b2a-663bde4a7cdb","radioStationCallSign":null,"radioStationId":null,"radioStationLocation":null,"radioStationName":null,"radioStationSlogan":null,"referenceId":"t114866710","service":"TUNE_IN","startTime":1499838940112,"title":"Revising the Fault Line (47 minutes)","trackId":null,"trackStatus":null}],"sessions":[{"album":null,"artist":null,"contentId":"3668788601032780688","contentType":"CUSTOM_STATION","genre":null,"mediaOwnerCustomerId":"A32TRBM6QOXJ5H","providerId":"AMBER","queueId":"ac8c1d3b-a9f5-402f-983b-e99874f0b9a3","radioStationCallSign":null,"radioStationLocation":null,"radioStationSlogan":null,"service":null,"startTime":1499930957985,"title":"Take-Off Artist Song Radio","trackSource":null},{"album":null,"artist":null,"contentId":"p68032","contentType":"PODCASTS","genre":null,"mediaOwnerCustomerId":"A32TRBM6QOXJ5H","providerId":"TUNE_IN","queueId":"e2673d0c-0507-4681-b6a2-f8c9dd748af4","radioStationCallSign":null,"radioStationLocation":null,"radioStationSlogan":null,"service":"TUNE_IN","startTime":1499929212024,"title":"RadioLab","trackSource":"SHOW"},{"album":null,"artist":null,"contentId":"p68032","contentType":"PODCASTS","genre":null,"mediaOwnerCustomerId":"A32TRBM6QOXJ5H","providerId":"TUNE_IN","queueId":"c024472f-7737-4202-9b2a-663bde4a7cdb","radioStationCallSign":null,"radioStationLocation":null,"radioStationSlogan":null,"service":"TUNE_IN","startTime":1499838935305,"title":"RadioLab","trackSource":"SHOW"}]}