{"devices":[{"accountName":"simon's Echo","appDeviceList":[],"capabilities":["SUPPORTS_SOFTWARE_VERSION","UPDATE_WIFI","SUPPORTS_CONNECTED_HOME","AMAZON_MUSIC","DREAM_TRAINING","FAR_FIELD_WAKE_WORD","AUDIBLE","CHANGE_NAME","PAIR_BT_SINK","REQUIRES_OOBE_FOR_SETUP","CUSTOM_ALARM_TONE","REMINDERS","PAIR_REMOTE","TIMERS_AND_ALARMS","SET_LOCALE","DEREGISTER_DEVICE","EARCONS","VOICE_TRAINING","PANDORA","TUNE_IN","FLASH_BRIEFING","GOLDFISH","SOUND_SETTINGS","AUDIO_PLAYER","I_HEART_RADIO","POPTART","SUPPORTS_CONNECTED_HOME_ALL","PAIR_BT_SOURCE","PERSISTENT_CONNECTION","SALMON","KINDLE_BOOKS","LEMUR_ALPHA","SLEEP","ACTIVE_AFTER_FRO"],"charging":null,"clusterMembers":[],"deviceAccountId":"A1ATLHIHXAQVBH","deviceFamily":"ECHO","deviceOwnerCustomerId":"A32TRBM6QOXJ5H","deviceType":"AB72C64C86AW2","deviceTypeFriendlyName":null,"essid":"HOME","language":null,"macAddress":"A002DC086DB1","online":true,"parentClusters":[],"postalCode":null,"registrationId":null,"remainingBatteryLevel":null,"serialNumber":"B0F00715535302W5","softwareVersion":"582001520"}]}