{"devices":[{"accountName":"simon's Echo","appDeviceList":[],"capabilities":["DREAM_TRAINING","PAIR_REMOTE","SUPPORTS_CONNECTED_HOME_ALL","SALMON","AUDIBLE","REMINDERS","REQUIRES_OOBE_FOR_SETUP","SLEEP","POPTART","PAIR_BT_SOURCE","GOLDFISH","FLASH_BRIEFING","VOICE_TRAINING","AMAZON_MUSIC","UPDATE_WIFI","TUNE_IN","SUPPORTS_SOFTWARE_VERSION","PAIR_BT_SINK","LEMUR_ALPHA","PERSISTENT_CONNECTION","TIMERS_AND_ALARMS","I_HEART_RADIO","EARCONS","PANDORA","KINDLE_BOOKS","DEREGISTER_DEVICE","ACTIVE_AFTER_FRO","SET_LOCALE","SUPPORTS_CONNECTED_HOME","CHANGE_NAME","CUSTOM_ALARM_TONE","AUDIO_PLAYER","FAR_FIELD_WAKE_WORD","SOUND_SETTINGS"],"charging":null,"clusterMembers":[],"deviceAccountId":"A1ATLHIHXAQVBH","deviceFamily":"ECHO","deviceOwnerCustomerId":"A32TRBM6QOXJ5H","deviceType":"AB72C64C86AW2","deviceTypeFriendlyName":null,"essid":"HOME","language":null,"macAddress":"A002DC086DB1","online":true,"parentClusters":[],"postalCode":null,"registrationId":null,"remainingBatteryLevel":null,"serialNumber":"B0F00715535302W5","softwareVersion":"582001520"}]}