{"providerCapabilitiesList":[{"contentType":"PODCASTS","providerCapabilities":{"canBookmarkSong":false,"canCreateStation":false,"canJump":true,"canNext":true,"canNextAtEndOfQueue":false,"canPlay":true,"canPrevious":true,"canRepeatAll":false,"canScanContent":false,"canSearchForStationByArtist":false,"canSearchForStationBySong":false,"canShowMediaItemsInHistory":true,"canShuffle":false,"canThumbsDown":false,"canThumbsUp":false,"canTiredOfTrack":false,"queueModifiedInPlace":false},"providerId":"TUNE_IN"},{"contentType":"TRACKS","providerCapabilities":{"canBookmarkSong":false,"canCreateStation":false,"canJump":false,"canNext":false,"canNextAtEndOfQueue":false,"canPlay":true,"canPrevious":false,"canRepeatAll":false,"canScanContent":false,"canSearchForStationByArtist":false,"canSearchForStationBySong":false,"canShowMediaItemsInHistory":false,"canShuffle":false,"canThumbsDown":false,"canThumbsUp":false,"canTiredOfTrack":false,"queueModifiedInPlace":false},"providerId":"EBOTTS"},{"contentType":"TRACKS","providerCapabilities":{"canBookmarkSong":false,"canCreateStation":true,"canJump":true,"canNext":true,"canNextAtEndOfQueue":false,"canPlay":true,"canPrevious":true,"canRepeatAll":true,"canScanContent":false,"canSearchForStationByArtist":false,"canSearchForStationBySong":false,"canShowMediaItemsInHistory":true,"canShuffle":true,"canThumbsDown":false,"canThumbsUp":false,"canTiredOfTrack":false,"queueModifiedInPlace":false},"providerId":"ROBIN"},{"contentType":"CUSTOM_STATION","providerCapabilities":{"canBookmarkSong":true,"canCreateStation":false,"canJump":false,"canNext":true,"canNextAtEndOfQueue":true,"canPlay":true,"canPrevious":false,"canRepeatAll":false,"canScanContent":false,"canSearchForStationByArtist":true,"canSearchForStationBySong":true,"canShowMediaItemsInHistory":false,"canShuffle":false,"canThumbsDown":true,"canThumbsUp":true,"canTiredOfTrack":true,"queueModifiedInPlace":true},"providerId":"AMBER"},{"contentType":"CUSTOM_STATION","providerCapabilities":{"canBookmarkSong":false,"canCreateStation":false,"canJump":true,"canNext":true,"canNextAtEndOfQueue":true,"canPlay":true,"canPrevious":true,"canRepeatAll":false,"canScanContent":false,"canSearchForStationByArtist":false,"canSearchForStationBySong":false,"canShowMediaItemsInHistory":false,"canShuffle":false,"canThumbsDown":true,"canThumbsUp":true,"canTiredOfTrack":false,"queueModifiedInPlace":false},"providerId":"ROBIN"},{"contentType":"UNKNOWN","providerCapabilities":{"canBookmarkSong":false,"canCreateStation":false,"canJump":false,"canNext":false,"canNextAtEndOfQueue":false,"canPlay":true,"canPrevious":false,"canRepeatAll":false,"canScanContent":false,"canSearchForStationByArtist":false,"canSearchForStationBySong":false,"canShowMediaItemsInHistory":true,"canShuffle":false,"canThumbsDown":false,"canThumbsUp":false,"canTiredOfTrack":false,"queueModifiedInPlace":false},"providerId":"UNKNOWN"},{"contentType":"CUSTOM_STATION","providerCapabilities":{"canBookmarkSong":false,"canCreateStation":true,"canJump":false,"canNext":true,"canNextAtEndOfQueue":true,"canPlay":true,"canPrevious":false,"canRepeatAll":false,"canScanContent":false,"canSearchForStationByArtist":false,"canSearchForStationBySong":false,"canShowMediaItemsInHistory":true,"canShuffle":false,"canThumbsDown":true,"canThumbsUp":true,"canTiredOfTrack":false,"queueModifiedInPlace":false},"providerId":"I_HEART_RADIO"},{"contentType":"TRACKS","providerCapabilities":{"canBookmarkSong":false,"canCreateStation":true,"canJump":true,"canNext":true,"canNextAtEndOfQueue":false,"canPlay":true,"canPrevious":true,"canRepeatAll":true,"canScanContent":false,"canSearchForStationByArtist":false,"canSearchForStationBySong":false,"canShowMediaItemsInHistory":true,"canShuffle":true,"canThumbsDown":false,"canThumbsUp":false,"canTiredOfTrack":false,"queueModifiedInPlace":false},"providerId":"CLOUD_PLAYER"},{"contentType":"TRACKS","providerCapabilities":{"canBookmarkSong":false,"canCreateStation":false,"canJump":false,"canNext":false,"canNextAtEndOfQueue":false,"canPlay":true,"canPrevious":false,"canRepeatAll":false,"canScanContent":false,"canSearchForStationByArtist":false,"canSearchForStationBySong":false,"canShowMediaItemsInHistory":false,"canShuffle":false,"canThumbsDown":false,"canThumbsUp":false,"canTiredOfTrack":false,"queueModifiedInPlace":false},"providerId":"SALMON"},{"contentType":"SAMPLES","providerCapabilities":{"canBookmarkSong":false,"canCreateStation":true,"canJump":true,"canNext":true,"canNextAtEndOfQueue":false,"canPlay":true,"canPrevious":true,"canRepeatAll":false,"canScanContent":false,"canSearchForStationByArtist":false,"canSearchForStationBySong":false,"canShowMediaItemsInHistory":true,"canShuffle":false,"canThumbsDown":false,"canThumbsUp":false,"canTiredOfTrack":false,"queueModifiedInPlace":false},"providerId":"DIGITAL_MUSIC_STORE"},{"contentType":"LIVE_STATION","providerCapabilities":{"canBookmarkSong":false,"canCreateStation":true,"canJump":false,"canNext":false,"canNextAtEndOfQueue":false,"canPlay":true,"canPrevious":false,"canRepeatAll":false,"canScanContent":true,"canSearchForStationByArtist":false,"canSearchForStationBySong":false,"canShowMediaItemsInHistory":true,"canShuffle":false,"canThumbsDown":false,"canThumbsUp":false,"canTiredOfTrack":false,"queueModifiedInPlace":true},"providerId":"I_HEART_RADIO"},{"contentType":"PODCASTS","providerCapabilities":{"canBookmarkSong":false,"canCreateStation":false,"canJump":true,"canNext":true,"canNextAtEndOfQueue":true,"canPlay":true,"canPrevious":false,"canRepeatAll":false,"canScanContent":false,"canSearchForStationByArtist":false,"canSearchForStationBySong":false,"canShowMediaItemsInHistory":true,"canShuffle":false,"canThumbsDown":false,"canThumbsUp":false,"canTiredOfTrack":false,"queueModifiedInPlace":false},"providerId":"I_HEART_RADIO"},{"contentType":"TRACKS","providerCapabilities":{"canBookmarkSong":false,"canCreateStation":false,"canJump":false,"canNext":false,"canNextAtEndOfQueue":false,"canPlay":true,"canPrevious":false,"canRepeatAll":false,"canScanContent":false,"canSearchForStationByArtist":false,"canSearchForStationBySong":false,"canShowMediaItemsInHistory":false,"canShuffle":false,"canThumbsDown":false,"canThumbsUp":false,"canTiredOfTrack":false,"queueModifiedInPlace":false},"providerId":"AUDIBLE"},{"contentType":"LIVE_STATION","providerCapabilities":{"canBookmarkSong":false,"canCreateStation":false,"canJump":false,"canNext":false,"canNextAtEndOfQueue":false,"canPlay":true,"canPrevious":false,"canRepeatAll":false,"canScanContent":false,"canSearchForStationByArtist":false,"canSearchForStationBySong":false,"canShowMediaItemsInHistory":true,"canShuffle":false,"canThumbsDown":false,"canThumbsUp":false,"canTiredOfTrack":false,"queueModifiedInPlace":true},"providerId":"TUNE_IN"}]}