{"inAnyPool":false,"states":{"ALEXA_DM_TERSE_GUI":false,"ALEXA_MUSIC_KIT_ORBIT":true,"ALEXA_STORE_STARTUP_CALL_TIMING":false,"ALWAYS_ON_TEST_FEATURE":true,"ARTHUR_FEATURE":false,"AV_KNIGHT_FEATURE":true,"BABY_PANDA_DISCOVERY_POPUP_FEATURE":false,"BLACK_ZEBRA_GUI":false,"CALENDAR_FEATURE_FIREOS_IABT":false,"CALENDAR_FEATURE_IABT":true,"CALENDAR_FEATURE_POTATO_V3":true,"CAPYBARA_SKILLS":true,"DEE_PS_SPEAKER_AUTHORIZATION":false,"DOLCE_VITA_FEATURE":true,"DO_NOT_DISTURB_SPEECHLET_EU":false,"DREAM_FEATURE":false,"DREAM_MIGRATION_FEATURE":false,"EON_FEATURE_GUI_GINGER_1":true,"EON_FEATURE_GUI_OREGANO_1":true,"EON_FEATURE_MP1":true,"EON_FEATURE_RELEASE3":false,"FLIPPER_FEATURE":true,"GOLDFISH_FEATURE":false,"GUI_BT_UK":true,"KNIGHT_GUI_TESTING":false,"KNIGHT_LOCALE":false,"LEMUR_FEATURE":false,"LEMUR_VOLUME_FEATURE":false,"LEMUR_WITH_RINGS_FEATURE":false,"MUSIC_GUI_PRIMEMUSICTEST_FEATURE":true,"MUSKRAT_SKILLS":true,"NEW_SMART_HOME_GUI_FEATURE":true,"NOTIFICATIONS_GUI_APP_AUDIO_TOGGLE_FEATURE":true,"NOTIFICATIONS_GUI_APP_AUDIO_TOGGLE_FEATURE_EU":false,"NOTIFICATIONS_GUI_APP_CUSTOM_MESSAGE_SOUND_FEATURE":true,"NOTIFICATIONS_GUI_APP_SETTINGS_FEATURE":true,"NOTIFICATIONS_GUI_APP_SETTINGS_FEATURE_EU":false,"OOBE_BRODIE_FEATURE":true,"OOBE_PICO_FEATURE":true,"ORCA_FEATURE":true,"PAPA_PANDA_DISCOVERY_POPUP_FEATURE":false,"PS_SHIPPING_NOTIFICATIONS":true,"PUPPY_FEATURE":true,"REMINDERS_PUSH_NOTIF_FEATURE":false,"SHARKNADO_FEATURE":false,"SLEEP_SPEECHLET":true,"SMARTHOME_COLOR_NAC_DEVICE_TYPE":false,"SMARTHOME_GUI_FORCE_DISCOVERY":false,"SMARTHOME_GUI_MISHA":false,"TACHYON_FEATURE_C":true,"TACHYON_FEATURE_C_CMD":false,"TACHYON_FEATURE_M":true,"TARGET_DEVICE_3PDA_FEATURE":false,"TA_FLAY_SAY":true,"TA_REFACTORING":true,"TEST_FEATURE":true,"TIME_ZONE_FEATURE":true,"TNS_GUI_FEATURE":false,"TODOS_NAMED_LISTS":false,"TRAFFIC_SEGMENTED_ADDRESS":false,"VOX_TACHYON_NA":true,"WINTER_IS_COMING_FEATURE":false}}