{"devices":[{"accountName":"simon's Echo","appDeviceList":[],"capabilities":["UPDATE_WIFI","TUNE_IN","PAIR_BT_SINK","REMINDERS","PANDORA","AUDIBLE","GOLDFISH","KINDLE_BOOKS","SALMON","FLASH_BRIEFING","CHANGE_NAME","POPTART","VOICE_TRAINING","SLEEP","I_HEART_RADIO","SUPPORTS_SOFTWARE_VERSION","PERSISTENT_CONNECTION","REQUIRES_OOBE_FOR_SETUP","AMAZON_MUSIC","TIMERS_AND_ALARMS","EARCONS","PAIR_REMOTE","AUDIO_PLAYER","LEMUR_ALPHA","SUPPORTS_CONNECTED_HOME","SET_LOCALE","ACTIVE_AFTER_FRO","SUPPORTS_CONNECTED_HOME_ALL","DEREGISTER_DEVICE","DREAM_TRAINING","PAIR_BT_SOURCE","CUSTOM_ALARM_TONE","FAR_FIELD_WAKE_WORD","SOUND_SETTINGS"],"charging":null,"clusterMembers":[],"deviceAccountId":"A1ATLHIHXAQVBH","deviceFamily":"ECHO","deviceOwnerCustomerId":"A32TRBM6QOXJ5H","deviceType":"AB72C64C86AW2","deviceTypeFriendlyName":null,"essid":"HOME","language":null,"macAddress":"A002DC086DB1","online":true,"parentClusters":[],"postalCode":null,"registrationId":null,"remainingBatteryLevel":null,"serialNumber":"B0F00715535302W5","softwareVersion":"582001520"}]}