{"accountDetails":[{"accounts":[{"associated":true,"customerId":"A32TRBM6QOXJ5H","email":"simonhallym@gmail.com","eulaAcceptance":true,"firstName":"simon","primeStatus":false,"service":"ROBIN"}],"service":"ROBIN"},{"accounts":[{"associated":true,"customerId":"A32TRBM6QOXJ5H","email":"simonhallym@gmail.com","eulaAcceptance":true,"firstName":"simon","primeStatus":false,"service":"AUDIBLE"}],"service":"AUDIBLE"},{"accounts":[{"associated":true,"customerId":"A32TRBM6QOXJ5H","email":"simonhallym@gmail.com","eulaAcceptance":true,"firstName":"simon","primeStatus":false,"service":"EBOTTS"}],"service":"EBOTTS"},{"accounts":[{"associated":true,"customerId":"A32TRBM6QOXJ5H","email":"simonhallym@gmail.com","eulaAcceptance":true,"firstName":"simon","primeStatus":false,"service":"AMBER"}],"service":"AMBER"},{"accounts":[{"associated":true,"customerId":"A32TRBM6QOXJ5H","email":"simonhallym@gmail.com","eulaAcceptance":true,"firstName":"simon","primeStatus":false,"service":"CLOUD_PLAYER"}],"service":"CLOUD_PLAYER"},{"accounts":[{"associated":false,"customerId":"A32TRBM6QOXJ5H","email":"simonhallym@gmail.com","eulaAcceptance":true,"firstName":"simon","primeStatus":false,"service":"I_HEART_RADIO"}],"service":"I_HEART_RADIO"},{"accounts":[{"associated":false,"customerId":"A32TRBM6QOXJ5H","email":"simonhallym@gmail.com","eulaAcceptance":true,"firstName":"simon","primeStatus":false,"service":"TUNE_IN"}],"service":"TUNE_IN"}]}