{"devices":[{"accountName":"simon's Echo","appDeviceList":[],"capabilities":["FAR_FIELD_WAKE_WORD","FLASH_BRIEFING","REMINDERS","AUDIO_PLAYER","SUPPORTS_SOFTWARE_VERSION","SET_LOCALE","VOICE_TRAINING","PAIR_BT_SOURCE","PANDORA","ACTIVE_AFTER_FRO","UPDATE_WIFI","LEMUR_ALPHA","POPTART","DREAM_TRAINING","SALMON","SLEEP","PAIR_BT_SINK","REQUIRES_OOBE_FOR_SETUP","TIMERS_AND_ALARMS","SUPPORTS_CONNECTED_HOME_ALL","TUNE_IN","SOUND_SETTINGS","GOLDFISH","PERSISTENT_CONNECTION","I_HEART_RADIO","EARCONS","KINDLE_BOOKS","SUPPORTS_CONNECTED_HOME","CUSTOM_ALARM_TONE","AMAZON_MUSIC","PAIR_REMOTE","CHANGE_NAME","DEREGISTER_DEVICE","AUDIBLE"],"charging":null,"clusterMembers":[],"deviceAccountId":"A1ATLHIHXAQVBH","deviceFamily":"ECHO","deviceOwnerCustomerId":"A32TRBM6QOXJ5H","deviceType":"AB72C64C86AW2","deviceTypeFriendlyName":null,"essid":"HOME","language":null,"macAddress":"A002DC086DB1","online":true,"parentClusters":[],"postalCode":null,"registrationId":null,"remainingBatteryLevel":null,"serialNumber":"B0F00715535302W5","softwareVersion":"582001520"}]}