{"devices":[{"accountName":"simon's Echo","appDeviceList":[],"capabilities":["TUNE_IN","SOUND_SETTINGS","REQUIRES_OOBE_FOR_SETUP","SUPPORTS_CONNECTED_HOME_ALL","GOLDFISH","AMAZON_MUSIC","POPTART","PAIR_BT_SOURCE","AUDIBLE","DREAM_TRAINING","REMINDERS","LEMUR_ALPHA","TIMERS_AND_ALARMS","SUPPORTS_CONNECTED_HOME","CUSTOM_ALARM_TONE","PAIR_REMOTE","SALMON","UPDATE_WIFI","KINDLE_BOOKS","SLEEP","FAR_FIELD_WAKE_WORD","VOICE_TRAINING","SUPPORTS_SOFTWARE_VERSION","PANDORA","PERSISTENT_CONNECTION","I_HEART_RADIO","AUDIO_PLAYER","SET_LOCALE","ACTIVE_AFTER_FRO","FLASH_BRIEFING","CHANGE_NAME","PAIR_BT_SINK","EARCONS","DEREGISTER_DEVICE"],"charging":null,"clusterMembers":[],"deviceAccountId":"A1ATLHIHXAQVBH","deviceFamily":"ECHO","deviceOwnerCustomerId":"A32TRBM6QOXJ5H","deviceType":"AB72C64C86AW2","deviceTypeFriendlyName":null,"essid":"HOME","language":null,"macAddress":"A002DC086DB1","online":true,"parentClusters":[],"postalCode":null,"registrationId":null,"remainingBatteryLevel":null,"serialNumber":"B0F00715535302W5","softwareVersion":"582001520"}]}