{"devices":[{"accountName":"simon's Echo","appDeviceList":[],"capabilities":["CUSTOM_ALARM_TONE","REMINDERS","DEREGISTER_DEVICE","GOLDFISH","UPDATE_WIFI","AUDIBLE","PAIR_REMOTE","DREAM_TRAINING","LEMUR_ALPHA","TIMERS_AND_ALARMS","PERSISTENT_CONNECTION","I_HEART_RADIO","SUPPORTS_CONNECTED_HOME","KINDLE_BOOKS","FAR_FIELD_WAKE_WORD","SALMON","POPTART","REQUIRES_OOBE_FOR_SETUP","ACTIVE_AFTER_FRO","SOUND_SETTINGS","PANDORA","SET_LOCALE","SUPPORTS_SOFTWARE_VERSION","SLEEP","PAIR_BT_SINK","TUNE_IN","PAIR_BT_SOURCE","AMAZON_MUSIC","CHANGE_NAME","EARCONS","SUPPORTS_CONNECTED_HOME_ALL","FLASH_BRIEFING","VOICE_TRAINING","AUDIO_PLAYER"],"charging":null,"clusterMembers":[],"deviceAccountId":"A1ATLHIHXAQVBH","deviceFamily":"ECHO","deviceOwnerCustomerId":"A32TRBM6QOXJ5H","deviceType":"AB72C64C86AW2","deviceTypeFriendlyName":null,"essid":"HOME","language":null,"macAddress":"A002DC086DB1","online":true,"parentClusters":[],"postalCode":null,"registrationId":null,"remainingBatteryLevel":null,"serialNumber":"B0F00715535302W5","softwareVersion":"582001520"}]}