{"devices":[{"accountName":"simon's Echo","appDeviceList":[],"capabilities":["EARCONS","PAIR_BT_SINK","KINDLE_BOOKS","DREAM_TRAINING","AUDIBLE","LEMUR_ALPHA","AUDIO_PLAYER","UPDATE_WIFI","GOLDFISH","PERSISTENT_CONNECTION","TUNE_IN","SUPPORTS_SOFTWARE_VERSION","CHANGE_NAME","REMINDERS","REQUIRES_OOBE_FOR_SETUP","SLEEP","FAR_FIELD_WAKE_WORD","PANDORA","FLASH_BRIEFING","SALMON","CUSTOM_ALARM_TONE","SET_LOCALE","VOICE_TRAINING","AMAZON_MUSIC","ACTIVE_AFTER_FRO","SUPPORTS_CONNECTED_HOME","POPTART","TIMERS_AND_ALARMS","PAIR_BT_SOURCE","I_HEART_RADIO","DEREGISTER_DEVICE","SOUND_SETTINGS","PAIR_REMOTE","SUPPORTS_CONNECTED_HOME_ALL"],"charging":null,"clusterMembers":[],"deviceAccountId":"A1ATLHIHXAQVBH","deviceFamily":"ECHO","deviceOwnerCustomerId":"A32TRBM6QOXJ5H","deviceType":"AB72C64C86AW2","deviceTypeFriendlyName":null,"essid":"HOME","language":null,"macAddress":"A002DC086DB1","online":true,"parentClusters":[],"postalCode":null,"registrationId":null,"remainingBatteryLevel":null,"serialNumber":"B0F00715535302W5","softwareVersion":"582001520"}]}