{"devices":[{"accountName":"simon's Echo","appDeviceList":[],"capabilities":["LEMUR_ALPHA","PERSISTENT_CONNECTION","SUPPORTS_SOFTWARE_VERSION","PANDORA","SET_LOCALE","SOUND_SETTINGS","UPDATE_WIFI","CHANGE_NAME","DEREGISTER_DEVICE","GOLDFISH","PAIR_REMOTE","PAIR_BT_SOURCE","SALMON","I_HEART_RADIO","PAIR_BT_SINK","ACTIVE_AFTER_FRO","KINDLE_BOOKS","CUSTOM_ALARM_TONE","SLEEP","AUDIO_PLAYER","REMINDERS","TUNE_IN","TIMERS_AND_ALARMS","AMAZON_MUSIC","AUDIBLE","EARCONS","SUPPORTS_CONNECTED_HOME","DREAM_TRAINING","SUPPORTS_CONNECTED_HOME_ALL","POPTART","VOICE_TRAINING","REQUIRES_OOBE_FOR_SETUP","FLASH_BRIEFING","FAR_FIELD_WAKE_WORD"],"charging":null,"clusterMembers":[],"deviceAccountId":"A1ATLHIHXAQVBH","deviceFamily":"ECHO","deviceOwnerCustomerId":"A32TRBM6QOXJ5H","deviceType":"AB72C64C86AW2","deviceTypeFriendlyName":null,"essid":"HOME","language":null,"macAddress":"A002DC086DB1","online":true,"parentClusters":[],"postalCode":null,"registrationId":null,"remainingBatteryLevel":null,"serialNumber":"B0F00715535302W5","softwareVersion":"582001520"}]}