{"devices":[{"accountName":"simon's Echo","appDeviceList":[],"capabilities":["SOUND_SETTINGS","AUDIBLE","SUPPORTS_CONNECTED_HOME","PANDORA","I_HEART_RADIO","TIMERS_AND_ALARMS","ACTIVE_AFTER_FRO","FAR_FIELD_WAKE_WORD","POPTART","LEMUR_ALPHA","CUSTOM_ALARM_TONE","TUNE_IN","GOLDFISH","DEREGISTER_DEVICE","PAIR_BT_SOURCE","PERSISTENT_CONNECTION","SUPPORTS_CONNECTED_HOME_ALL","SET_LOCALE","REMINDERS","REQUIRES_OOBE_FOR_SETUP","VOICE_TRAINING","PAIR_REMOTE","UPDATE_WIFI","CHANGE_NAME","SALMON","SLEEP","PAIR_BT_SINK","SUPPORTS_SOFTWARE_VERSION","AMAZON_MUSIC","AUDIO_PLAYER","KINDLE_BOOKS","DREAM_TRAINING","FLASH_BRIEFING","EARCONS"],"charging":null,"clusterMembers":[],"deviceAccountId":"A1ATLHIHXAQVBH","deviceFamily":"ECHO","deviceOwnerCustomerId":"A32TRBM6QOXJ5H","deviceType":"AB72C64C86AW2","deviceTypeFriendlyName":null,"essid":"HOME","language":null,"macAddress":"A002DC086DB1","online":true,"parentClusters":[],"postalCode":null,"registrationId":null,"remainingBatteryLevel":null,"serialNumber":"B0F00715535302W5","softwareVersion":"582001520"}]}