{"id":"8a9d4b1e3bfce38a013bfce42d360015","name":"Mobile Presence","author":"SmartThings","storeUrls":{"direct":""},"capabilities":[{"name":"Presence Sensor","displayName":"Presence Sensor","smartAppStyleName":"presenceSensor"},{"name":"Sensor","displayName":"Sensor","smartAppStyleName":"sensor"}],"supportedCommands":[],"supportedAttributes":[{"id":"330","name":"Presence Sensor.presence","dataDefinition":{"name":null,"dataType":"ENUM","unit":null,"values":["present","not present"]}}],"tiles":{"definitions":[{"width":2,"height":2,"canChangeIcon":false,"inactiveLabel":true,"canChangeBackground":true,"states":[{"labelIcon":"st.presence.tile.mobile-present","backgroundColor":"#00A0DC","name":"present"},{"labelIcon":"st.presence.tile.mobile-not-present","backgroundColor":"#ffffff","name":"not present"}],"type":"standard","name":"presence","attribute":"device.presence"}],"main":["presence"],"details":["presence"]},"preferences":{"sections":[],"defaults":true},"definition":{"capabilities":[78,149],"commands":[],"attributes":[],"fingerprints":[],"typeSettings":[],"name":"Mobile Presence","namespace":"smartthings","author":"SmartThings"},"simulator":{"status":{"present":"presence: 1","not present":"presence: 0"}}}