[{"iconX3Url":"https://s3.amazonaws.com/smartapp-icons/SafetyAndSecurity/Cat-SafetyAndSecurity@2x.png","icon":"Cat-SafetyAndSecurity","moduleSummary":[{"icon":"indicator-dot-green","heroInfo":{"heroStatus":"ok","heroMessage":"Everything OK"},"value":"Everything OK","iconColor":"#79b821"}],"moduleId":"e46047d5-0fbd-44e1-bbad-dad97247fa35","smartAppCategoryId":null,"showModuleWithoutChildren":true,"childCount":1,"moduleType":"SOLUTION","sortOrder":0,"hidden":false,"description":"Home security and monitoring system","installedSmartAppId":"147f409f-0617-4caf-b01f-5efb28997bd1","iconUrl":"https://s3.amazonaws.com/smartapp-icons/SafetyAndSecurity/Cat-SafetyAndSecurity.png","name":"Smart Home Monitor","iconX2Url":"https://s3.amazonaws.com/smartapp-icons/SafetyAndSecurity/Cat-SafetyAndSecurity@2x.png"},{"iconX3Url":"https://s3.amazonaws.com/smartapp-icons/Labs/Cat-ST-Labs@3x.png","icon":"smartthings labs","moduleSummary":[{"value":"1 Installed","iconColor":"#878787"}],"moduleId":"22f0f224-5dea-49ae-8965-24675df4d971","smartAppCategoryId":"2d94ac01-92dd-4fac-b212-cda40c989920","showModuleWithoutChildren":null,"childCount":1,"moduleType":"APP_CATEGORY","sortOrder":1,"hidden":false,"description":"Get access to early stage product integrations and services as the SmartThings team works to fine-tune them. To benefit from Smartthings Labs, your hub needs to be updated. Please contact SmartThings Support at labs@smartthings.com to get your hub updated.","installedSmartAppId":null,"iconUrl":"https://s3.amazonaws.com/smartapp-icons/Labs/Cat-ST-Labs.png","name":"SmartThings Labs","iconX2Url":"https://s3.amazonaws.com/smartapp-icons/Labs/Cat-ST-Labs@2x.png"},{"iconX3Url":"https://s3.amazonaws.com/smartthings-plus/dashboard-icons/things@3x.png","icon":"things","moduleSummary":[{"value":"1 Connected","iconColor":"#878787"}],"moduleId":"2f7b5e84-2651-479e-8593-18433315f543","smartAppCategoryId":null,"showModuleWithoutChildren":null,"childCount":1,"moduleType":"DEVICES","sortOrder":2,"hidden":false,"description":"Things","installedSmartAppId":null,"iconUrl":"https://s3.amazonaws.com/smartthings-plus/dashboard-icons/things.png","name":"Things","iconX2Url":"https://s3.amazonaws.com/smartthings-plus/dashboard-icons/things@2x.png"}]