{"name":"initialData","heroStatus":"ok","heroMessage":"Everything OK","heroClass":"","heroId":"","currentApps":[],"includesIntrusion":false,"summaryData":[{"icon":"indicator-dot-green","heroInfo":{"heroStatus":"ok","heroMessage":"Everything OK"},"value":"Everything OK","iconColor":"#79b821"}],"installedPlugins":{"Scout Alarm":{"installed":false,"icon":"https://d3azp77rte0gip.cloudfront.net/smartapps/b5bd7deb-20ec-4e5c-8b19-9ed2b7f08b83/images/scout_logo_horizontal.png"}},"cameras":[],"help":false}