[{"name":"","sortable":false,"tiles":[{"action":null,"attribute":"device.presence","attributes":null,"attributeName":"presence","batteryLevel":null,"currentPrimaryState":null,"canChangeBackground":true,"canChangeIcon":false,"currentState":{"attribute":"presence","name":"present","unit":null,"unixTime":1499849180879,"value":null},"decoration":"ring","defaultState":{"labelIcon":"st.presence.tile.mobile-present","backgroundColor":"#00A0DC","name":"present"},"hasCards":false,"height":1,"icon":null,"iconUrl":null,"iconX2Url":null,"iconX3Url":null,"inactiveLabel":true,"installedSmartAppId":null,"internal":false,"label":"Simon's iPhone","lowBattery":false,"mainTileState":"NONE","memberId":"bf81a45f-6970-4901-b37f-2d6c7ee44503","memberSource":"DEVICE","memberStatus":"ONLINE","momentary":0,"name":"presence","pageName":null,"state":null,"states":[{"action":null,"backgroundColor":"#00A0DC","backgroundColors":null,"defaultState":false,"icon":null,"label":null,"labelIcon":"st.presence.tile.mobile-present","name":"present","nextState":null,"stateOverrideIcon":null,"unit":null,"value":null},{"action":null,"backgroundColor":"#ffffff","backgroundColors":null,"defaultState":false,"icon":null,"label":null,"labelIcon":"st.presence.tile.mobile-not-present","name":"not present","nextState":null,"stateOverrideIcon":null,"unit":null,"value":null}],"style":null,"translationId":"cc4b9cef-1cbb-4c6d-922f-b554cb7316c7","type":"standard","url":null,"whitelist":[],"width":6,"wordWrap":true}]}]