[{"id":"de997fe0-66cd-11e7-95f8-02e583ad47e5","hubId":null,"isVirtualHub":false,"description":"Hi there. This is the place where you will see all the messages from your SmartThings home.","rawDescription":null,"displayed":false,"isStateChange":false,"linkText":"","date":"2017-07-12T06:46:44.702Z","unixTime":1499842004702,"value":null,"viewed":true,"translatable":true,"archivable":true,"locationId":"0c0c44d4-fae9-4c1a-abf5-34926f3d6652","smartAppId":"247d3c26-6c0a-4f67-83c5-956cbc275cec","smartAppVersionId":"6ec23f7d-61c9-4189-9f76-81467826fdcf","installedSmartAppId":"38183a2b-33f3-43bc-a973-c9e0ddc31182","eventSource":"APP","eventType":"NOTIFICATION"}]