{"install":true,"installedMemberId":"3b9effde-c330-444d-bdb0-17f4a27ed49d","name":"preferences","popToAncestor":"","sections":[{"title":"","body":[{"name":"deviceLabel","title":"Give your device a name","description":"Motion Sensor","defaultValue":["Motion Sensor"],"type":"text","element":"label","required":false,"multiple":false,"value":null}],"hideable":0,"hidden":0},{"title":"","body":[{"description":"This feature allows you to correct any temperature variations by selecting an offset. Ex: If your sensor consistently reports a temp that's 5 degrees too warm, you'd enter '-5'. If 3 degrees too cold, enter '+3'.","multiple":false,"title":"Temperature Offset","required":false,"displayDuringSetup":false,"type":"paragraph","element":"paragraph","value":""},{"description":"Adjust temperature by this many degrees","multiple":false,"title":"Degrees","required":false,"range":"*..*","displayDuringSetup":false,"name":"tempOffset","type":"number","value":"","element":"input"}],"hideable":0,"hidden":0},{"title":"","body":[{"name":"deviceDelete","title":"Remove","description":"","type":"text","element":"delete","required":0,"deleteText":"Remove","multiple":0}],"hideable":0,"hidden":0}],"style":"DEVICE","title":"Preferences","uninstall":true,"uninstallText":"Are you sure?","versionId":"8558d179-7328-4d32-8af4-a47b9832bc21"}