{"name":"Routines","sortable":false,"tiles":[{"action":"execute","height":3,"iconColor":"#FCC049","iconName":"goodmorning-routine-icon","iconUrl":"https://s3.amazonaws.com/smartapp-icons/HelloHome/goodmorning-routine-icon.pdf","iconX2Url":"https://s3.amazonaws.com/smartapp-icons/HelloHome/goodmorning-routine-icon.pdf","iconX3Url":"https://s3.amazonaws.com/smartapp-icons/HelloHome/goodmorning-routine-icon.pdf","installedSmartAppId":"3ca67fc9-2007-4518-8605-342530365d21","installedSmartAppService":null,"label":"Good Morning!","memberId":"3ca67fc9-2007-4518-8605-342530365d21","memberSource":"SMART_APP","name":"Phrase","page":"configurePhrase","smartAppVersionId":null,"state":"COMPLETE","type":"smartapp.routine","width":3},{"action":"execute","height":3,"iconColor":"#1B73B7","iconName":"goodnight-routine-icon","iconUrl":"https://s3.amazonaws.com/smartapp-icons/HelloHome/goodnight-routine-icon.pdf","iconX2Url":"https://s3.amazonaws.com/smartapp-icons/HelloHome/goodnight-routine-icon.pdf","iconX3Url":"https://s3.amazonaws.com/smartapp-icons/HelloHome/goodnight-routine-icon.pdf","installedSmartAppId":"41524b4c-75e0-453b-905d-f5320b675244","installedSmartAppService":null,"label":"Good Night!","memberId":"41524b4c-75e0-453b-905d-f5320b675244","memberSource":"SMART_APP","name":"Phrase","page":"configurePhrase","smartAppVersionId":null,"state":"COMPLETE","type":"smartapp.routine","width":3},{"action":"execute","height":3,"iconColor":"#E94A5A","iconName":"goodbye-routine-icon","iconUrl":"https://s3.amazonaws.com/smartapp-icons/HelloHome/goodbye-routine-icon.pdf","iconX2Url":"https://s3.amazonaws.com/smartapp-icons/HelloHome/goodbye-routine-icon.pdf","iconX3Url":"https://s3.amazonaws.com/smartapp-icons/HelloHome/goodbye-routine-icon.pdf","installedSmartAppId":"3a22f716-5c1f-4345-992c-1d6bbdbc2b92","installedSmartAppService":null,"label":"Goodbye!","memberId":"3a22f716-5c1f-4345-992c-1d6bbdbc2b92","memberSource":"SMART_APP","name":"Phrase","page":"configurePhrase","smartAppVersionId":null,"state":"COMPLETE","type":"smartapp.routine","width":3},{"action":"execute","height":3,"iconColor":"#81D135","iconName":"back-routine-icon","iconUrl":"https://s3.amazonaws.com/smartapp-icons/HelloHome/back-routine-icon.pdf","iconX2Url":"https://s3.amazonaws.com/smartapp-icons/HelloHome/back-routine-icon.pdf","iconX3Url":"https://s3.amazonaws.com/smartapp-icons/HelloHome/back-routine-icon.pdf","installedSmartAppId":"63a6a433-7300-4d3c-a926-eac9d209a47b","installedSmartAppService":null,"label":"I'm Back!","memberId":"63a6a433-7300-4d3c-a926-eac9d209a47b","memberSource":"SMART_APP","name":"Phrase","page":"configurePhrase","smartAppVersionId":null,"state":"COMPLETE","type":"smartapp.routine","width":3}]}