[{"groupId":"69920acf-48ca-425b-bab2-62fa059e2c90","groupType":"MARKETPLACE","image":"https://smartthings-plus.s3.amazonaws.com/cta-icons/my-apps%402x.png","name":"SmartApps","page":{"translationId":"69920acf-48ca-425b-bab2-62fa059e2c90","label":"SmartApps","name":"c9173c6e-040c-472c-a119-803f4b8781d6","title":"SmartApps","sections":[{"body":[{"description":"","image":"https://smartthings-plus.s3.amazonaws.com/category-icons/favorites%402x.png","title":"SmartThings Recommends","element":"href","page":"dcefe1bb-ce81-43a8-b6c2-1418331e58ff","translationId":"b10ed24f-ff8c-46d8-9339-1864644baff3"},{"description":"","image":"https://smartthings-plus.s3.amazonaws.com/category-icons/samsungDA%402x.png","title":"Samsung Home","element":"href","page":"4d77dc16-60bc-4f57-8054-5fb78939652e","translationId":"62a2b0f8-008a-4832-914d-66a15b29f078"},{"description":"","image":"https://smartthings-plus.s3.amazonaws.com/category-icons/security%402x.png","title":"Safety & Security","element":"href","page":"285ca28e-83e5-43bb-b9b0-3eae27f3859f","translationId":"c18453dd-2e79-472e-8eb8-918f17e49746"},{"description":"","image":"https://smartthings-plus.s3.amazonaws.com/category-icons/genericBulb%402x.png","title":"Lights & Switches","element":"href","page":"f343d718-e986-4314-bd11-1d19f80af027","translationId":"1c1e6df1-87d1-445d-abb1-2e4fa85d8c9d"},{"description":"","image":"https://smartthings-plus.s3.amazonaws.com/category-icons/temperature%402x.png","title":"Climate Control","element":"href","page":"1b4036fa-d0ac-4e26-8f66-2c3a376d32be","translationId":"2b304be4-3c57-42ee-87c3-b649e8efe009"},{"description":"","image":"https://smartthings-plus.s3.amazonaws.com/category-icons/health%402x.png","title":"Health & Fitness","element":"href","page":"97217956-e148-438b-a66c-7268e0ec4379","translationId":"115831f9-2657-4d28-85ea-2211a0efdb84"},{"description":"","image":"https://smartthings-plus.s3.amazonaws.com/category-icons/eldery%402x.png","title":"Elder Care","element":"href","page":"b7b66464-ec4f-4960-b58a-5f524839a4dd","translationId":"d720de3f-067f-4297-870e-d64621386533"},{"description":"","image":"https://smartthings-plus.s3.amazonaws.com/category-icons/energy%402x.png","title":"Energy Management","element":"href","page":"87ede652-0925-4d9e-914a-d5913e18b8e1","translationId":"0c782642-184b-497d-8048-686a2961badf"},{"description":"","image":"https://smartthings-plus.s3.amazonaws.com/category-icons/location%402x.png","title":"Presence & Modes","element":"href","page":"52ac48ac-a237-4506-8ddc-a9160af8eeee","translationId":"b725365e-b997-440b-9a28-63c103420b80"},{"description":"","image":"https://smartthings-plus.s3.amazonaws.com/category-icons/speakers%402x.png","title":"Music & Sounds","element":"href","page":"3057d10f-675b-40d1-b448-06d4a8e7ed0e","translationId":"7c21d750-5c99-4871-a37c-6b795a943396"},{"description":"","image":"https://smartthings-plus.s3.amazonaws.com/category-icons/social%402x.png","title":"Social","element":"href","page":"a00099ca-93c1-446a-9dba-2831b56f70c3","translationId":"c8260a89-d57f-464d-9af8-a386d46ef332"},{"description":"","image":"https://smartthings-plus.s3.amazonaws.com/category-icons/add%402x.png","title":"More","element":"href","page":"205595ee-d173-4e05-8795-07c930447776","translationId":"89cd453b-dba3-4915-83ea-b3ca626ec742"}],"hidden":false,"hideable":false,"title":""}]},"pairing":false,"pairingInfo":null}]