[{"id":"e005eab0-66d9-11e7-bdc0-0a0a6229fc11","hubId":null,"isVirtualHub":false,"description":"Your SmartThings Hub at Home is now active","rawDescription":null,"displayed":false,"isStateChange":false,"linkText":"","date":"2017-07-12T08:12:41.051Z","unixTime":1499847161051,"value":null,"viewed":false,"translatable":true,"archivable":true,"name":"message","locationId":"0c0c44d4-fae9-4c1a-abf5-34926f3d6652","smartAppId":"5a5a787f-780e-4aa6-b7af-0665d38261fc","smartAppVersionId":"ef8d63bd-2fc0-486b-8db5-aba76a8527aa","installedSmartAppId":"6bc1b42a-c4e5-4492-8d55-4469cab30b8b","installedSmartAppParentId":"38183a2b-33f3-43bc-a973-c9e0ddc31182","eventSource":"APP","eventType":"NOTIFICATION","data":"{\"contacts\":[{\"to\":\"user_uuid:1c1eeb4c-110e-4de1-a613-e63d3513bf00\",\"type\":\"PUSH\"}],\"destinations\":{\"Push\":{\"results\":{\"user_uuid:1c1eeb4c-110e-4de1-a613-e63d3513bf00\":[{\"status\":\"scheduled\"},{\"status\":\"scheduled\"},{\"status\":\"scheduled\"},{\"status\":\"scheduled\"},{\"status\":\"scheduled\"},{\"status\":\"scheduled\"}]},\"status\":\"scheduled\"}}}"},{"id":"3ae885b0-66cf-11e7-bebc-065873f9c2f5","hubId":null,"isVirtualHub":false,"description":"Your SmartThings Hub at Home is disconnected. Check your internet connection.","rawDescription":null,"displayed":false,"isStateChange":false,"linkText":"","date":"2017-07-12T06:56:29.067Z","unixTime":1499842589067,"value":null,"viewed":false,"translatable":true,"archivable":true,"name":"message","locationId":"0c0c44d4-fae9-4c1a-abf5-34926f3d6652","smartAppId":"5a5a787f-780e-4aa6-b7af-0665d38261fc","smartAppVersionId":"ef8d63bd-2fc0-486b-8db5-aba76a8527aa","installedSmartAppId":"6bc1b42a-c4e5-4492-8d55-4469cab30b8b","installedSmartAppParentId":"38183a2b-33f3-43bc-a973-c9e0ddc31182","eventSource":"APP","eventType":"NOTIFICATION","data":"{\"contacts\":[{\"to\":\"user_uuid:1c1eeb4c-110e-4de1-a613-e63d3513bf00\",\"type\":\"PUSH\"}],\"destinations\":{\"Push\":{\"results\":{\"user_uuid:1c1eeb4c-110e-4de1-a613-e63d3513bf00\":[{\"status\":\"scheduled\"},{\"status\":\"scheduled\"},{\"status\":\"scheduled\"},{\"status\":\"scheduled\"},{\"status\":\"scheduled\"},{\"status\":\"scheduled\"}]},\"status\":\"scheduled\"}}}"},{"id":"de99ce00-66cd-11e7-95f8-02e583ad47e5","hubId":null,"isVirtualHub":false,"description":"Set up Smart Home Monitor on the Dashboard and come back here to revisit your messages.","rawDescription":null,"displayed":false,"isStateChange":false,"linkText":"","date":"2017-07-12T06:46:44.704Z","unixTime":1499842004704,"value":null,"viewed":true,"translatable":true,"archivable":true,"locationId":"0c0c44d4-fae9-4c1a-abf5-34926f3d6652","smartAppId":"247d3c26-6c0a-4f67-83c5-956cbc275cec","smartAppVersionId":"6ec23f7d-61c9-4189-9f76-81467826fdcf","installedSmartAppId":"38183a2b-33f3-43bc-a973-c9e0ddc31182","eventSource":"APP","eventType":"NOTIFICATION"},{"id":"de997fe0-66cd-11e7-95f8-02e583ad47e5","hubId":null,"isVirtualHub":false,"description":"Hi there. This is the place where you will see all the messages from your SmartThings home.","rawDescription":null,"displayed":false,"isStateChange":false,"linkText":"","date":"2017-07-12T06:46:44.702Z","unixTime":1499842004702,"value":null,"viewed":true,"translatable":true,"archivable":true,"locationId":"0c0c44d4-fae9-4c1a-abf5-34926f3d6652","smartAppId":"247d3c26-6c0a-4f67-83c5-956cbc275cec","smartAppVersionId":"6ec23f7d-61c9-4189-9f76-81467826fdcf","installedSmartAppId":"38183a2b-33f3-43bc-a973-c9e0ddc31182","eventSource":"APP","eventType":"NOTIFICATION"}]