{"action":null,"attribute":null,"attributes":[{"attribute":"device.switch","key":"PRIMARY_CONTROL","states":[{"action":"switch.off","backgroundColor":"#00A0DC","backgroundColors":null,"defaultState":false,"icon":"st.switches.switch.on","label":"On","labelIcon":null,"name":"on","nextState":"turningOff","stateOverrideIcon":null,"unit":null,"value":null},{"action":"switch.on","backgroundColor":"#ffffff","backgroundColors":null,"defaultState":false,"icon":"st.switches.switch.off","label":"Off","labelIcon":null,"name":"off","nextState":"turningOn","stateOverrideIcon":null,"unit":null,"value":null},{"action":"switch.off","backgroundColor":"#00A0DC","backgroundColors":null,"defaultState":false,"icon":"st.switches.switch.on","label":"Turning On","labelIcon":null,"name":"turningOn","nextState":"turningOff","stateOverrideIcon":null,"unit":null,"value":null},{"action":"switch.on","backgroundColor":"#ffffff","backgroundColors":null,"defaultState":false,"icon":"st.switches.switch.off","label":"Turning Off","labelIcon":null,"name":"turningOff","nextState":"turningOn","stateOverrideIcon":null,"unit":null,"value":null}],"currentState":{"attribute":"device.switch","name":"switch","unit":null,"unixTime":1500111832404,"value":"off"}},{"attribute":"power","key":"SECONDARY_CONTROL","states":[{"action":null,"backgroundColor":null,"backgroundColors":null,"defaultState":false,"icon":null,"label":"${currentValue} W","labelIcon":null,"name":"power","nextState":null,"stateOverrideIcon":null,"unit":null,"value":null}],"currentState":{"attribute":"power","name":"power","unit":null,"unixTime":1500111833004,"value":null}}],"attributeName":"multi","batteryLevel":null,"currentPrimaryState":null,"canChangeBackground":false,"canChangeIcon":true,"currentState":null,"decoration":null,"defaultState":null,"hasCards":false,"height":4,"icon":null,"iconUrl":null,"iconX2Url":null,"iconX3Url":null,"inactiveLabel":null,"installedSmartAppId":null,"internal":false,"label":"Outlet","lowBattery":false,"mainTileState":"NONE","memberId":"4978b7f4-2a3e-4c3e-a177-efb5ec3088ad","memberSource":"DEVICE","memberStatus":"ONLINE","momentary":null,"name":"switch","pageName":null,"state":null,"states":null,"style":null,"translationId":"dbaa68f8-b007-46ee-b3c3-fceb823e0691","type":"multi.lighting","url":null,"whitelist":[],"width":6,"wordWrap":null}