[{"thumbnail":"https://smartthings-location-images.s3.amazonaws.com/standard/standard_thumb51.jpg","full":"https://smartthings-location-images.s3.amazonaws.com/standard/standard51.jpg"},{"thumbnail":"https://smartthings-location-images.s3.amazonaws.com/standard/standard_thumb52.jpg","full":"https://smartthings-location-images.s3.amazonaws.com/standard/standard52.jpg"},{"thumbnail":"https://smartthings-location-images.s3.amazonaws.com/standard/standard_thumb53.jpg","full":"https://smartthings-location-images.s3.amazonaws.com/standard/standard53.jpg"},{"thumbnail":"https://smartthings-location-images.s3.amazonaws.com/standard/standard_thumb54.jpg","full":"https://smartthings-location-images.s3.amazonaws.com/standard/standard54.jpg"},{"thumbnail":"https://smartthings-location-images.s3.amazonaws.com/standard/standard_thumb55.jpg","full":"https://smartthings-location-images.s3.amazonaws.com/standard/standard55.jpg"},{"thumbnail":"https://smartthings-location-images.s3.amazonaws.com/standard/standard_thumb56.jpg","full":"https://smartthings-location-images.s3.amazonaws.com/standard/standard56.jpg"},{"thumbnail":"https://smartthings-location-images.s3.amazonaws.com/standard/standard_thumb57.jpg","full":"https://smartthings-location-images.s3.amazonaws.com/standard/standard57.jpg"},{"thumbnail":"https://smartthings-location-images.s3.amazonaws.com/standard/standard_thumb58.jpg","full":"https://smartthings-location-images.s3.amazonaws.com/standard/standard58.jpg"},{"thumbnail":"https://smartthings-location-images.s3.amazonaws.com/standard/standard_thumb59.jpg","full":"https://smartthings-location-images.s3.amazonaws.com/standard/standard59.jpg"},{"thumbnail":"https://smartthings-location-images.s3.amazonaws.com/standard/standard_thumb60.jpg","full":"https://smartthings-location-images.s3.amazonaws.com/standard/standard60.jpg"},{"thumbnail":"https://smartthings-location-images.s3.amazonaws.com/standard/standard_thumb61.jpg","full":"https://smartthings-location-images.s3.amazonaws.com/standard/standard61.jpg"},{"thumbnail":"https://smartthings-location-images.s3.amazonaws.com/standard/standard_thumb62.jpg","full":"https://smartthings-location-images.s3.amazonaws.com/standard/standard62.jpg"},{"thumbnail":"https://smartthings-location-images.s3.amazonaws.com/standard/standard_thumb63.jpg","full":"https://smartthings-location-images.s3.amazonaws.com/standard/standard63.jpg"},{"thumbnail":"https://smartthings-location-images.s3.amazonaws.com/standard/standard_thumb64.jpg","full":"https://smartthings-location-images.s3.amazonaws.com/standard/standard64.jpg"},{"thumbnail":"https://smartthings-location-images.s3.amazonaws.com/standard/standard_thumb65.jpg","full":"https://smartthings-location-images.s3.amazonaws.com/standard/standard65.jpg"},{"thumbnail":"https://smartthings-location-images.s3.amazonaws.com/standard/standard_thumb66.jpg","full":"https://smartthings-location-images.s3.amazonaws.com/standard/standard66.jpg"},{"thumbnail":"https://smartthings-location-images.s3.amazonaws.com/standard/standard_thumb67.jpg","full":"https://smartthings-location-images.s3.amazonaws.com/standard/standard67.jpg"},{"thumbnail":"https://smartthings-location-images.s3.amazonaws.com/standard/standard_thumb68.jpg","full":"https://smartthings-location-images.s3.amazonaws.com/standard/standard68.jpg"},{"thumbnail":"https://smartthings-location-images.s3.amazonaws.com/standard/standard_thumb69.jpg","full":"https://smartthings-location-images.s3.amazonaws.com/standard/standard69.jpg"},{"thumbnail":"https://smartthings-location-images.s3.amazonaws.com/standard/standard_thumb70.jpg","full":"https://smartthings-location-images.s3.amazonaws.com/standard/standard70.jpg"},{"thumbnail":"https://smartthings-location-images.s3.amazonaws.com/standard/standard_thumb71.jpg","full":"https://smartthings-location-images.s3.amazonaws.com/standard/standard71.jpg"},{"thumbnail":"https://smartthings-location-images.s3.amazonaws.com/standard/standard_thumb72.jpg","full":"https://smartthings-location-images.s3.amazonaws.com/standard/standard72.jpg"}]