{"action":null,"attribute":null,"attributes":[{"attribute":"device.motion","key":"PRIMARY_CONTROL","states":[{"action":null,"backgroundColor":"#00A0DC","backgroundColors":null,"defaultState":false,"icon":"st.motion.motion.active","label":"motion","labelIcon":null,"name":"active","nextState":null,"stateOverrideIcon":null,"unit":null,"value":null},{"action":null,"backgroundColor":"#cccccc","backgroundColors":null,"defaultState":false,"icon":"st.motion.motion.inactive","label":"no motion","labelIcon":null,"name":"inactive","nextState":null,"stateOverrideIcon":null,"unit":null,"value":null}],"currentState":{"attribute":"device.motion","name":"motion","unit":null,"unixTime":1499851694567,"value":"inactive"}}],"attributeName":"multi","batteryLevel":89,"currentPrimaryState":null,"canChangeBackground":false,"canChangeIcon":false,"currentState":null,"decoration":null,"defaultState":null,"hasCards":false,"height":4,"icon":null,"iconUrl":null,"iconX2Url":null,"iconX3Url":null,"inactiveLabel":null,"installedSmartAppId":null,"internal":false,"label":"Motion Sensor","lowBattery":false,"mainTileState":"NONE","memberId":"3b9effde-c330-444d-bdb0-17f4a27ed49d","memberSource":"DEVICE","memberStatus":"ONLINE","momentary":null,"name":"motion","pageName":null,"state":null,"states":null,"style":null,"translationId":"8558d179-7328-4d32-8af4-a47b9832bc21","type":"multi.generic","url":null,"whitelist":[],"width":6,"wordWrap":null}