{"name":"Routines","sortable":false,"tiles":[{"action":"execute","height":3,"iconColor":"#FCC049","iconName":"goodmorning-routine-icon","iconUrl":"https://s3.amazonaws.com/smartapp-icons/HelloHome/goodmorning-routine-icon.pdf","iconX2Url":"https://s3.amazonaws.com/smartapp-icons/HelloHome/goodmorning-routine-icon.pdf","iconX3Url":"https://s3.amazonaws.com/smartapp-icons/HelloHome/goodmorning-routine-icon.pdf","installedSmartAppId":"a60f436a-23a6-482f-8475-51e10c9b0fdb","installedSmartAppService":null,"label":"Good Morning!","memberId":"a60f436a-23a6-482f-8475-51e10c9b0fdb","memberSource":"SMART_APP","name":"Phrase","page":"configurePhrase","smartAppVersionId":null,"state":"COMPLETE","type":"smartapp.routine","width":3},{"action":"execute","height":3,"iconColor":"#1B73B7","iconName":"goodnight-routine-icon","iconUrl":"https://s3.amazonaws.com/smartapp-icons/HelloHome/goodnight-routine-icon.pdf","iconX2Url":"https://s3.amazonaws.com/smartapp-icons/HelloHome/goodnight-routine-icon.pdf","iconX3Url":"https://s3.amazonaws.com/smartapp-icons/HelloHome/goodnight-routine-icon.pdf","installedSmartAppId":"a223b63c-4406-43ab-adec-fb458c4cc615","installedSmartAppService":null,"label":"Good Night!","memberId":"a223b63c-4406-43ab-adec-fb458c4cc615","memberSource":"SMART_APP","name":"Phrase","page":"configurePhrase","smartAppVersionId":null,"state":"COMPLETE","type":"smartapp.routine","width":3},{"action":"execute","height":3,"iconColor":"#E94A5A","iconName":"goodbye-routine-icon","iconUrl":"https://s3.amazonaws.com/smartapp-icons/HelloHome/goodbye-routine-icon.pdf","iconX2Url":"https://s3.amazonaws.com/smartapp-icons/HelloHome/goodbye-routine-icon.pdf","iconX3Url":"https://s3.amazonaws.com/smartapp-icons/HelloHome/goodbye-routine-icon.pdf","installedSmartAppId":"e4e39a73-80c9-42cd-9bf8-4150947fb9df","installedSmartAppService":null,"label":"Goodbye!","memberId":"e4e39a73-80c9-42cd-9bf8-4150947fb9df","memberSource":"SMART_APP","name":"Phrase","page":"configurePhrase","smartAppVersionId":null,"state":"COMPLETE","type":"smartapp.routine","width":3},{"action":"execute","height":3,"iconColor":"#81D135","iconName":"back-routine-icon","iconUrl":"https://s3.amazonaws.com/smartapp-icons/HelloHome/back-routine-icon.pdf","iconX2Url":"https://s3.amazonaws.com/smartapp-icons/HelloHome/back-routine-icon.pdf","iconX3Url":"https://s3.amazonaws.com/smartapp-icons/HelloHome/back-routine-icon.pdf","installedSmartAppId":"3a019456-b272-4c35-bf63-eb47e7b312d8","installedSmartAppService":null,"label":"I'm Back!","memberId":"3a019456-b272-4c35-bf63-eb47e7b312d8","memberSource":"SMART_APP","name":"Phrase","page":"configurePhrase","smartAppVersionId":null,"state":"COMPLETE","type":"smartapp.routine","width":3}]}