[{"id":"442f5380-66dc-11e7-91db-027ee2ae91e1","hubId":"63349821-f3ee-43c5-8bd2-bef59deb8c9e","isVirtualHub":false,"description":"Z-Wave include search ended","rawDescription":"zwStatus:ready:Z-Wave include search ended","displayed":true,"isStateChange":false,"linkText":"Home Hub","date":"2017-07-12T08:29:48.088Z","unixTime":1499848188088,"value":"ready","viewed":false,"translatable":false,"archivable":true,"name":"zwStatus","locationId":"0c0c44d4-fae9-4c1a-abf5-34926f3d6652","eventSource":"HUB"},{"id":"9be1ffc1-66db-11e7-9856-02693c87a3ab","hubId":"63349821-f3ee-43c5-8bd2-bef59deb8c9e","isVirtualHub":false,"description":"Z-Wave include search started","rawDescription":"zwStatus:include search:Z-Wave include search started","displayed":true,"isStateChange":false,"linkText":"Home Hub","date":"2017-07-12T08:25:05.724Z","unixTime":1499847905724,"value":"include search","viewed":false,"translatable":false,"archivable":true,"name":"zwStatus","locationId":"0c0c44d4-fae9-4c1a-abf5-34926f3d6652","eventSource":"HUB"},{"id":"9be1ffc0-66db-11e7-9856-02693c87a3ab","hubId":"63349821-f3ee-43c5-8bd2-bef59deb8c9e","isVirtualHub":false,"description":"Z-Wave is ready","rawDescription":"zwStatus:ready:Z-Wave is ready","displayed":true,"isStateChange":false,"linkText":"Home Hub","date":"2017-07-12T08:25:05.724Z","unixTime":1499847905724,"value":"ready","viewed":false,"translatable":false,"archivable":true,"name":"zwStatus","locationId":"0c0c44d4-fae9-4c1a-abf5-34926f3d6652","eventSource":"HUB"},{"id":"99076880-66db-11e7-bcbf-0a58bb6b449f","hubId":"63349821-f3ee-43c5-8bd2-bef59deb8c9e","isVirtualHub":false,"description":"Z-Wave starting up","rawDescription":"zwStatus:starting up:Z-Wave starting up","displayed":true,"isStateChange":false,"linkText":"Home Hub","date":"2017-07-12T08:25:00.936Z","unixTime":1499847900936,"value":"starting up","viewed":false,"translatable":false,"archivable":true,"name":"zwStatus","locationId":"0c0c44d4-fae9-4c1a-abf5-34926f3d6652","eventSource":"HUB"},{"id":"c24d77d1-66da-11e7-bcbf-0a58bb6b449f","hubId":"63349821-f3ee-43c5-8bd2-bef59deb8c9e","isVirtualHub":false,"description":"Z-Wave include search started","rawDescription":"zwStatus:include search:Z-Wave include search started","displayed":true,"isStateChange":false,"linkText":"Home Hub","date":"2017-07-12T08:19:00.685Z","unixTime":1499847540685,"value":"include search","viewed":false,"translatable":false,"archivable":true,"name":"zwStatus","locationId":"0c0c44d4-fae9-4c1a-abf5-34926f3d6652","eventSource":"HUB"},{"id":"c0345bd0-66da-11e7-91db-027ee2ae91e1","hubId":"63349821-f3ee-43c5-8bd2-bef59deb8c9e","isVirtualHub":false,"description":"Z-Wave starting up","rawDescription":"zwStatus:starting up:Z-Wave starting up","displayed":true,"isStateChange":false,"linkText":"Home Hub","date":"2017-07-12T08:18:57.165Z","unixTime":1499847537165,"value":"starting up","viewed":false,"translatable":false,"archivable":true,"name":"zwStatus","locationId":"0c0c44d4-fae9-4c1a-abf5-34926f3d6652","eventSource":"HUB"},{"id":"c0184850-66da-11e7-bcbf-0a58bb6b449f","hubId":"63349821-f3ee-43c5-8bd2-bef59deb8c9e","isVirtualHub":false,"description":"Your SmartThings Hub at Home is now active.","rawDescription":"Your SmartThings Hub at {{ locationName }} is now active.","displayed":true,"isStateChange":true,"linkText":"Home Hub","date":"2017-07-12T08:18:56.981Z","unixTime":1499847536981,"value":"active","viewed":false,"translatable":true,"archivable":true,"name":"activity","locationId":"0c0c44d4-fae9-4c1a-abf5-34926f3d6652","eventSource":"HUB","data":"{\"hubId\":\"D052A8A06F4B0001\"}","messageArgs":{"locationName":"Home"}},{"id":"c0178500-66da-11e7-bcbf-0a58bb6b449f","hubId":"63349821-f3ee-43c5-8bd2-bef59deb8c9e","isVirtualHub":false,"description":"Your SmartThings Hub at Home is now active.","rawDescription":"Your SmartThings Hub at {{ locationName }} is now active.","displayed":true,"isStateChange":true,"linkText":"Home Hub","date":"2017-07-12T08:18:56.976Z","unixTime":1499847536976,"value":"active","viewed":false,"translatable":true,"archivable":true,"name":"hubStatus","locationId":"0c0c44d4-fae9-4c1a-abf5-34926f3d6652","eventSource":"HUB","data":"{\"hubId\":\"D052A8A06F4B0001\"}","messageArgs":{"locationName":"Home"}},{"id":"95463740-66da-11e7-91b3-02d6ee16ddd3","hubId":"63349821-f3ee-43c5-8bd2-bef59deb8c9e","isVirtualHub":false,"description":"Your SmartThings Hub at Home is now inactive. Please check your internet connection.","rawDescription":"Your SmartThings Hub at {{ locationName }} is now inactive. Please check your internet connection.","displayed":true,"isStateChange":true,"linkText":"Home Hub","date":"2017-07-12T08:17:45.140Z","unixTime":1499847465140,"value":"inactive","viewed":false,"translatable":true,"archivable":true,"name":"activity","locationId":"0c0c44d4-fae9-4c1a-abf5-34926f3d6652","eventSource":"HUB","data":"{\"hubId\":\"D052A8A06F4B0001\"}","messageArgs":{"locationName":"Home"}},{"id":"954573f0-66da-11e7-91b3-02d6ee16ddd3","hubId":"63349821-f3ee-43c5-8bd2-bef59deb8c9e","isVirtualHub":false,"description":"Your SmartThings Hub at Home is now inactive. Please check your internet connection.","rawDescription":"Your SmartThings Hub at {{ locationName }} is now inactive. Please check your internet connection.","displayed":true,"isStateChange":true,"linkText":"Home Hub","date":"2017-07-12T08:17:45.135Z","unixTime":1499847465135,"value":"inactive","viewed":false,"translatable":true,"archivable":true,"name":"hubStatus","locationId":"0c0c44d4-fae9-4c1a-abf5-34926f3d6652","eventSource":"HUB","data":"{\"hubId\":\"D052A8A06F4B0001\"}","messageArgs":{"locationName":"Home"}}]