[{"name":"","sortable":false,"tiles":[{"action":null,"attribute":null,"attributes":[{"attribute":"device.motion","key":"PRIMARY_CONTROL","states":[{"action":null,"backgroundColor":"#00A0DC","backgroundColors":null,"defaultState":false,"icon":"st.motion.motion.active","label":"motion","labelIcon":null,"name":"active","nextState":null,"stateOverrideIcon":null,"unit":null,"value":null},{"action":null,"backgroundColor":"#cccccc","backgroundColors":null,"defaultState":false,"icon":"st.motion.motion.inactive","label":"no motion","labelIcon":null,"name":"inactive","nextState":null,"stateOverrideIcon":null,"unit":null,"value":null}],"currentState":{"attribute":"device.motion","name":"motion","unit":null,"unixTime":1500102827349,"value":"inactive"}}],"attributeName":"multi","batteryLevel":100,"currentPrimaryState":null,"canChangeBackground":false,"canChangeIcon":false,"currentState":null,"decoration":null,"defaultState":null,"hasCards":false,"height":1,"icon":null,"iconUrl":null,"iconX2Url":null,"iconX3Url":null,"inactiveLabel":null,"installedSmartAppId":null,"internal":false,"label":"Motion Sensor","lowBattery":false,"mainTileState":"NONE","memberId":"e15f23e1-f103-423a-970c-ff58f47634e9","memberSource":"DEVICE","memberStatus":"ONLINE","momentary":null,"name":"motion","pageName":null,"state":null,"states":null,"style":null,"translationId":"8558d179-7328-4d32-8af4-a47b9832bc21","type":"multi.generic","url":null,"whitelist":[],"width":6,"wordWrap":null},{"action":null,"attribute":null,"attributes":[{"attribute":"device.status","key":"PRIMARY_CONTROL","states":[{"action":null,"backgroundColor":"#e86d13","backgroundColors":null,"defaultState":false,"icon":"st.contact.contact.open","label":"Open","labelIcon":null,"name":"open","nextState":null,"stateOverrideIcon":null,"unit":null,"value":null},{"action":null,"backgroundColor":"#00a0dc","backgroundColors":null,"defaultState":false,"icon":"st.contact.contact.closed","label":"Closed","labelIcon":null,"name":"closed","nextState":null,"stateOverrideIcon":null,"unit":null,"value":null},{"action":null,"backgroundColor":"#e86d13","backgroundColors":null,"defaultState":false,"icon":"st.doors.garage.garage-open","label":"Open","labelIcon":null,"name":"garage-open","nextState":null,"stateOverrideIcon":null,"unit":null,"value":null},{"action":null,"backgroundColor":"#00a0dc","backgroundColors":null,"defaultState":false,"icon":"st.doors.garage.garage-closed","label":"Closed","labelIcon":null,"name":"garage-closed","nextState":null,"stateOverrideIcon":null,"unit":null,"value":null}],"currentState":{"attribute":"device.status","name":"status","unit":null,"unixTime":1500272417681,"value":"closed"}}],"attributeName":"multi","batteryLevel":100,"currentPrimaryState":null,"canChangeBackground":false,"canChangeIcon":false,"currentState":null,"decoration":null,"defaultState":null,"hasCards":false,"height":1,"icon":null,"iconUrl":null,"iconX2Url":null,"iconX3Url":null,"inactiveLabel":null,"installedSmartAppId":null,"internal":false,"label":"Multipurpose Sensor","lowBattery":false,"mainTileState":"NONE","memberId":"7237154f-f0b4-4fa5-8c5f-c92029240588","memberSource":"DEVICE","memberStatus":"ONLINE","momentary":null,"name":"status","pageName":null,"state":null,"states":null,"style":null,"translationId":"c48ba3b1-6901-44ad-aaf0-4f71a3e9ab20","type":"multi.generic","url":null,"whitelist":[],"width":6,"wordWrap":null},{"action":null,"attribute":null,"attributes":[{"attribute":"device.status","key":"PRIMARY_CONTROL","states":[{"action":null,"backgroundColor":"#e86d13","backgroundColors":null,"defaultState":false,"icon":"st.contact.contact.open","label":"Open","labelIcon":null,"name":"open","nextState":null,"stateOverrideIcon":null,"unit":null,"value":null},{"action":null,"backgroundColor":"#00a0dc","backgroundColors":null,"defaultState":false,"icon":"st.contact.contact.closed","label":"Closed","labelIcon":null,"name":"closed","nextState":null,"stateOverrideIcon":null,"unit":null,"value":null},{"action":null,"backgroundColor":"#e86d13","backgroundColors":null,"defaultState":false,"icon":"st.doors.garage.garage-open","label":"Open","labelIcon":null,"name":"garage-open","nextState":null,"stateOverrideIcon":null,"unit":null,"value":null},{"action":null,"backgroundColor":"#00a0dc","backgroundColors":null,"defaultState":false,"icon":"st.doors.garage.garage-closed","label":"Closed","labelIcon":null,"name":"garage-closed","nextState":null,"stateOverrideIcon":null,"unit":null,"value":null}],"currentState":{"attribute":"device.status","name":"status","unit":null,"unixTime":1500274417024,"value":"closed"}}],"attributeName":"multi","batteryLevel":100,"currentPrimaryState":null,"canChangeBackground":false,"canChangeIcon":false,"currentState":null,"decoration":null,"defaultState":null,"hasCards":false,"height":1,"icon":null,"iconUrl":null,"iconX2Url":null,"iconX3Url":null,"inactiveLabel":null,"installedSmartAppId":null,"internal":false,"label":"Multipurpose Sensor","lowBattery":false,"mainTileState":"NONE","memberId":"94642bdf-0299-45fa-8560-c1f48e85c317","memberSource":"DEVICE","memberStatus":"ONLINE","momentary":null,"name":"status","pageName":null,"state":null,"states":null,"style":null,"translationId":"c48ba3b1-6901-44ad-aaf0-4f71a3e9ab20","type":"multi.generic","url":null,"whitelist":[],"width":6,"wordWrap":null},{"action":null,"attribute":null,"attributes":[{"attribute":"device.switch","key":"PRIMARY_CONTROL","states":[{"action":"switch.off","backgroundColor":"#00A0DC","backgroundColors":null,"defaultState":false,"icon":"st.switches.switch.on","label":"On","labelIcon":null,"name":"on","nextState":"turningOff","stateOverrideIcon":"st.switches.switch.on","unit":null,"value":null},{"action":"switch.on","backgroundColor":"#ffffff","backgroundColors":null,"defaultState":false,"icon":"st.switches.switch.off","label":"Off","labelIcon":null,"name":"off","nextState":"turningOn","stateOverrideIcon":"st.switches.switch.on","unit":null,"value":null},{"action":"switch.off","backgroundColor":"#00A0DC","backgroundColors":null,"defaultState":false,"icon":"st.switches.switch.on","label":"Turning On","labelIcon":null,"name":"turningOn","nextState":"turningOff","stateOverrideIcon":"st.switches.switch.on","unit":null,"value":null},{"action":"switch.on","backgroundColor":"#ffffff","backgroundColors":null,"defaultState":false,"icon":"st.switches.switch.off","label":"Turning Off","labelIcon":null,"name":"turningOff","nextState":"turningOn","stateOverrideIcon":"st.switches.switch.on","unit":null,"value":null}],"currentState":{"attribute":"device.switch","name":"switch","unit":null,"unixTime":1500272407920,"value":"off"}},{"attribute":"power","key":"SECONDARY_CONTROL","states":[{"action":null,"backgroundColor":null,"backgroundColors":null,"defaultState":false,"icon":null,"label":"${currentValue} W","labelIcon":null,"name":"power","nextState":null,"stateOverrideIcon":null,"unit":null,"value":null}],"currentState":{"attribute":"power","name":"power","unit":null,"unixTime":1500272409501,"value":"0"}}],"attributeName":"multi","batteryLevel":null,"currentPrimaryState":null,"canChangeBackground":false,"canChangeIcon":true,"currentState":null,"decoration":null,"defaultState":null,"hasCards":false,"height":1,"icon":null,"iconUrl":null,"iconX2Url":null,"iconX3Url":null,"inactiveLabel":null,"installedSmartAppId":null,"internal":false,"label":"TV","lowBattery":false,"mainTileState":"NONE","memberId":"4978b7f4-2a3e-4c3e-a177-efb5ec3088ad","memberSource":"DEVICE","memberStatus":"ONLINE","momentary":null,"name":"switch","pageName":null,"state":null,"states":null,"style":null,"translationId":"dbaa68f8-b007-46ee-b3c3-fceb823e0691","type":"multi.lighting","url":null,"whitelist":[],"width":6,"wordWrap":null}]}]