[{"groupId":"74458a1d-88ad-4e29-8fff-feb7e0636fd9","groupType":"DEVICE","image":null,"name":"Things","page":{"translationId":"74458a1d-88ad-4e29-8fff-feb7e0636fd9","label":"Things","name":"6f55a4e6-303a-4702-bd29-89964246d080","title":"Things","sections":[{"translationId":"21e14973-c3f8-446c-aca4-7fd979de47f9","body":[{"description":"","image":"https://smartthings-plus.s3.amazonaws.com/category-icons/genericBulb%402x.png","title":"Light Bulbs","element":"href","page":"f07c8512-2f94-4e8f-982d-8765a15a6ed5","translationId":"d8912e50-d17b-4d0e-9a9a-3387fbdc5b9c"},{"description":"","image":"https://smartthings-plus.s3.amazonaws.com/category-icons/lock%402x.png","title":"Locks","element":"href","page":"4e10971c-7105-463f-9b11-f676d2b6b3e2","translationId":"42a2b810-0e14-4b1a-8ecb-73208fd73cdd"},{"description":"","image":"https://smartthings-plus.s3.amazonaws.com/category-icons/enerwaveDuplex%402x.png","title":"Outlets","element":"href","page":"d18f1691-26cd-4041-84f9-15540c060e6d","translationId":"3b5fc3bd-488d-4ff9-b986-27a6e86dd3e5"},{"description":"","image":"https://smartthings-plus.s3.amazonaws.com/category-icons/genericThermostat%402x.png","title":"Thermostats","element":"href","page":"ed3afbf1-2d3c-4a9d-a849-3205e7ab9334","translationId":"bfc6a3bf-63bc-4acb-94c7-a370c7f3adf9"}],"hidden":false,"hideable":false,"title":"SmartThings Recommends"},{"translationId":"90e82165-4aab-47b3-8b00-1788b41f849d","body":[{"description":"","image":"https://smartthings-plus.s3.amazonaws.com/category-icons/dlinkHd%402x.png","title":"Cameras","element":"href","page":"464cad72-397f-4933-8610-77c016167956","translationId":"25535a3d-4079-4c56-82a2-f09be816965a"},{"description":"","image":"https://smartthings-plus.s3.amazonaws.com/category-icons/skybell%402x.png","title":"Doorbells","element":"href","page":"8ee2015e-f833-4ab8-b95c-bc1a8aeb774f","translationId":"90b48a1a-de67-4a6f-9f8d-a87cc12d15b1"},{"description":"","image":"https://smartthings-plus.s3.amazonaws.com/category-icons/GenericGarage%402x.png","title":"Garage Doors","element":"href","page":"85aca62d-6c4a-491b-a2d5-331ad474732b","translationId":"49f553cb-6f65-485a-acb1-d8ce1ccf8941"},{"description":"","image":"https://smartthings-plus.s3.amazonaws.com/category-icons/irrigationDevice%402x.png","title":"Irrigation","element":"href","page":"54a874a3-0169-4ddd-a1eb-a82069946a98","translationId":"97c55a8c-b92c-4fb1-b9bf-3e7b7d84ba7e"},{"description":"","image":"https://smartthings-plus.s3.amazonaws.com/category-icons/genericBulb%402x.png","title":"Light Bulbs","element":"href","page":"24f317a3-5861-4b67-836d-c1cdab68ae7d","translationId":"d8912e50-d17b-4d0e-9a9a-3387fbdc5b9c"},{"description":"","image":"https://smartthings-plus.s3.amazonaws.com/category-icons/lock%402x.png","title":"Locks","element":"href","page":"25d7b38b-b89f-4031-8fbe-b5b5d611eed5","translationId":"42a2b810-0e14-4b1a-8ecb-73208fd73cdd"},{"description":"","image":"https://smartthings-plus.s3.amazonaws.com/category-icons/enerwaveDuplex%402x.png","title":"Outlets","element":"href","page":"c5699c79-3dec-4362-8567-b93abcd5ccb5","translationId":"3b5fc3bd-488d-4ff9-b986-27a6e86dd3e5"},{"description":"","image":"https://smartthings-plus.s3.amazonaws.com/category-icons/ecolinkMotion%402x.png","title":"Remotes & Buttons","element":"href","page":"08b69bc0-4dd6-4924-a8db-f610fd878d4c","translationId":"a6014198-2226-4fd1-9cf7-9b8a7aa41dfd"},{"description":"","image":"https://smartthings-plus.s3.amazonaws.com/category-icons/samsungDA%402x.png","title":"Samsung Products","element":"href","page":"2b9053dd-bbab-4e5c-a0a0-42cecd172bb9","translationId":"30d78a54-d79f-4f75-9ab5-a6f840381980"},{"description":"","image":"https://smartthings-plus.s3.amazonaws.com/category-icons/samsungSTMotion%402x.png","title":"Sensors","element":"href","page":"32c973fc-4533-4437-a3f2-76ae09b914d6","translationId":"e975eb47-19ba-4a8a-935b-2a8b833357b0"},{"description":"","image":"https://smartthings-plus.s3.amazonaws.com/category-icons/blinds%402x.png","title":"Shades and Blinds","element":"href","page":"57a754f4-6618-4f15-8ed1-5df6122d1248","translationId":"0a7e37f5-caf6-48eb-899e-89dcf6d10f25"},{"description":"","image":"https://smartthings-plus.s3.amazonaws.com/category-icons/smoke%402x.png","title":"Smoke Detectors & Alarms","element":"href","page":"d8f64a64-e272-4466-9f47-b9631f32ee94","translationId":"1cc59c60-6b9f-4cdb-acdb-00d67f4b0140"},{"description":"","image":"https://smartthings-plus.s3.amazonaws.com/category-icons/speakers%402x.png","title":"Speakers","element":"href","page":"c7c7658d-f778-4d3d-b972-dd34f60300a4","translationId":"df34bb4b-bfd3-4fe4-9780-a806ac2e20d6"},{"description":"","image":"https://smartthings-plus.s3.amazonaws.com/category-icons/enerwaveWallDimmer%402x.png","title":"Switches & Dimmers","element":"href","page":"44ce6cc6-6463-4635-b560-c28bba9b6f7d","translationId":"3a5030d9-fb8a-435c-87a1-24f9f07f2dc0"},{"description":"","image":"https://smartthings-plus.s3.amazonaws.com/category-icons/genericThermostat%402x.png","title":"Thermostats","element":"href","page":"07b1d212-b602-4739-9dc9-31958b50d87c","translationId":"bfc6a3bf-63bc-4acb-94c7-a370c7f3adf9"},{"description":"","image":"https://smartthings-plus.s3.amazonaws.com/category-icons/genericValve%402x.png","title":"Valves","element":"href","page":"c1d59dc6-9e62-4be9-82d2-9bdbfc55b255","translationId":"187102f9-1aea-4d36-8f96-ffa31c3ccf4f"},{"description":"","image":"https://smartthings-plus.s3.amazonaws.com/category-icons/genericVent%402x.png","title":"Vents","element":"href","page":"545f3d00-23ce-47df-b39f-bbf67143e5c0","translationId":"6048f451-96f9-4d82-876a-24c77a44e3f1"},{"description":"","image":"https://smartthings-plus.s3.amazonaws.com/category-icons/amazonAlexa%402x.png","title":"Voice Control","element":"href","page":"9cd6a564-92bc-4e6d-a9d5-9a348175ac5e","translationId":"2211aad1-56f6-44fe-a902-990338fa62c3"},{"description":"","image":"https://smartthings-plus.s3.amazonaws.com/category-icons/connectedPlant%402x.png","title":"Other","element":"href","page":"31d8300d-c1c1-4820-8e9d-5f9fc68ecab0","translationId":"34f85cc6-320b-416f-9625-3a4e4f252a66"},{"description":"","image":"https://smartthings-plus.s3.amazonaws.com/category-icons/labs%402x.png","title":"SmartThings Labs","element":"href","page":"a043e8a3-c824-47b9-8ddb-07278e654d0f","translationId":"8c65a761-2b8c-40cd-b1c0-b283bead11dc"}],"hidden":false,"hideable":false,"title":"All Categories"}]},"pairing":true,"pairingInfo":null}]