[{"id":"954573f0-66da-11e7-91b3-02d6ee16ddd3","hubId":"63349821-f3ee-43c5-8bd2-bef59deb8c9e","isVirtualHub":false,"description":"Your SmartThings Hub at Home is now inactive. Please check your internet connection.","rawDescription":"Your SmartThings Hub at {{ locationName }} is now inactive. Please check your internet connection.","displayed":true,"isStateChange":true,"linkText":"Home Hub","date":"2017-07-12T08:17:45.135Z","unixTime":1499847465135,"value":"inactive","viewed":false,"translatable":true,"archivable":true,"name":"hubStatus","locationId":"0c0c44d4-fae9-4c1a-abf5-34926f3d6652","eventSource":"HUB","data":"{\"hubId\":\"D052A8A06F4B0001\"}","messageArgs":{"locationName":"Home"}},{"id":"e9142f40-66d9-11e7-bf94-02b58460c4fb","hubId":"63349821-f3ee-43c5-8bd2-bef59deb8c9e","isVirtualHub":false,"description":"Z-Wave include search started","rawDescription":"zwStatus:include search:Z-Wave include search started","displayed":true,"isStateChange":false,"linkText":"Home Hub","date":"2017-07-12T08:12:56.244Z","unixTime":1499847176244,"value":"include search","viewed":false,"translatable":false,"archivable":true,"name":"zwStatus","locationId":"0c0c44d4-fae9-4c1a-abf5-34926f3d6652","eventSource":"HUB"},{"id":"e00156d0-66d9-11e7-ace5-068bea8ff68f","hubId":"63349821-f3ee-43c5-8bd2-bef59deb8c9e","isVirtualHub":false,"description":"Your SmartThings Hub at Home is now active.","rawDescription":"Your SmartThings Hub at {{ locationName }} is now active.","displayed":true,"isStateChange":true,"linkText":"Home Hub","date":"2017-07-12T08:12:41.021Z","unixTime":1499847161021,"value":"active","viewed":false,"translatable":true,"archivable":true,"name":"activity","locationId":"0c0c44d4-fae9-4c1a-abf5-34926f3d6652","eventSource":"HUB","data":"{\"hubId\":\"D052A8A06F4B0001\"}","messageArgs":{"locationName":"Home"}},{"id":"e0009380-66d9-11e7-ace5-068bea8ff68f","hubId":"63349821-f3ee-43c5-8bd2-bef59deb8c9e","isVirtualHub":false,"description":"Your SmartThings Hub at Home is now active.","rawDescription":"Your SmartThings Hub at {{ locationName }} is now active.","displayed":true,"isStateChange":true,"linkText":"Home Hub","date":"2017-07-12T08:12:41.016Z","unixTime":1499847161016,"value":"active","viewed":false,"translatable":true,"archivable":true,"name":"hubStatus","locationId":"0c0c44d4-fae9-4c1a-abf5-34926f3d6652","eventSource":"HUB","data":"{\"hubId\":\"D052A8A06F4B0001\"}","messageArgs":{"locationName":"Home"}},{"id":"6846bfe0-66cf-11e7-bc59-0a544586937f","hubId":"43e03a42-a3a6-43e1-a2c1-5af691161ad4","isVirtualHub":false,"description":"Your SmartThings Hub at Home is now inactive. Please check your internet connection.","rawDescription":"Your SmartThings Hub at {{ locationName }} is now inactive. Please check your internet connection.","displayed":true,"isStateChange":true,"linkText":"Home Hub","date":"2017-07-12T06:57:45.182Z","unixTime":1499842665182,"value":"inactive","viewed":false,"translatable":true,"archivable":true,"name":"activity","locationId":"0c0c44d4-fae9-4c1a-abf5-34926f3d6652","eventSource":"HUB","data":"{\"hubId\":\"D052A8A06F4B0001\"}","messageArgs":{"locationName":"Home"}},{"id":"684623a0-66cf-11e7-bc59-0a544586937f","hubId":"43e03a42-a3a6-43e1-a2c1-5af691161ad4","isVirtualHub":false,"description":"Your SmartThings Hub at Home is now inactive. Please check your internet connection.","rawDescription":"Your SmartThings Hub at {{ locationName }} is now inactive. Please check your internet connection.","displayed":true,"isStateChange":true,"linkText":"Home Hub","date":"2017-07-12T06:57:45.178Z","unixTime":1499842665178,"value":"inactive","viewed":false,"translatable":true,"archivable":true,"name":"hubStatus","locationId":"0c0c44d4-fae9-4c1a-abf5-34926f3d6652","eventSource":"HUB","data":"{\"hubId\":\"D052A8A06F4B0001\"}","messageArgs":{"locationName":"Home"}},{"id":"ac5b4c10-66ce-11e7-9856-02693c87a3ab","hubId":"43e03a42-a3a6-43e1-a2c1-5af691161ad4","isVirtualHub":false,"description":"Your SmartThings Hub at Home is now disconnected. Please check your internet connection.","rawDescription":"Your SmartThings Hub at {{ locationName }} is now disconnected. Please check your internet connection.","displayed":true,"isStateChange":true,"linkText":"Home Hub","date":"2017-07-12T06:52:29.905Z","unixTime":1499842349905,"value":"disconnected","viewed":false,"translatable":true,"archivable":true,"name":"hubStatus","locationId":"0c0c44d4-fae9-4c1a-abf5-34926f3d6652","eventSource":"HUB","data":"{\"hubId\":\"D052A8A06F4B0001\"}","messageArgs":{"locationName":"Home"}},{"id":"77d76370-66ce-11e7-b1a9-0ac9e192e5d7","hubId":"43e03a42-a3a6-43e1-a2c1-5af691161ad4","isVirtualHub":false,"description":"Z-Wave include search started","rawDescription":"zwStatus:include search:Z-Wave include search started","displayed":true,"isStateChange":false,"linkText":"Home Hub","date":"2017-07-12T06:51:01.799Z","unixTime":1499842261799,"value":"include search","viewed":false,"translatable":false,"archivable":true,"name":"zwStatus","locationId":"0c0c44d4-fae9-4c1a-abf5-34926f3d6652","eventSource":"HUB"},{"id":"42eb1c10-66ce-11e7-ace5-068bea8ff68f","hubId":"43e03a42-a3a6-43e1-a2c1-5af691161ad4","isVirtualHub":false,"description":"Z-Wave include search ended","rawDescription":"zwStatus:ready:Z-Wave include search ended","displayed":true,"isStateChange":false,"linkText":"Home Hub","date":"2017-07-12T06:49:33.009Z","unixTime":1499842173009,"value":"ready","viewed":false,"translatable":false,"archivable":true,"name":"zwStatus","locationId":"0c0c44d4-fae9-4c1a-abf5-34926f3d6652","eventSource":"HUB"},{"id":"f04ff430-66cd-11e7-ace5-068bea8ff68f","hubId":"43e03a42-a3a6-43e1-a2c1-5af691161ad4","isVirtualHub":false,"description":"Z-Wave include search started","rawDescription":"zwStatus:include search:Z-Wave include search started","displayed":true,"isStateChange":false,"linkText":"Home Hub","date":"2017-07-12T06:47:14.419Z","unixTime":1499842034419,"value":"include search","viewed":false,"translatable":false,"archivable":true,"name":"zwStatus","locationId":"0c0c44d4-fae9-4c1a-abf5-34926f3d6652","eventSource":"HUB"}]