[{"iconX3Url":"https://s3.amazonaws.com/smartapp-icons/SafetyAndSecurity/Cat-SafetyAndSecurity@2x.png","icon":"Cat-SafetyAndSecurity","moduleSummary":[{"icon":"indicator-dot-green","heroInfo":{"heroStatus":"ok","heroMessage":"Everything OK"},"value":"Everything OK","iconColor":"#79b821"}],"moduleId":"231aa1d5-9934-4529-8623-e1eb402bddbe","smartAppCategoryId":null,"showModuleWithoutChildren":true,"childCount":1,"moduleType":"SOLUTION","sortOrder":0,"hidden":false,"description":"Home security and monitoring system","installedSmartAppId":"0b45197b-829c-4192-a300-db7d7d1a86fc","iconUrl":"https://s3.amazonaws.com/smartapp-icons/SafetyAndSecurity/Cat-SafetyAndSecurity.png","name":"Smart Home Monitor","iconX2Url":"https://s3.amazonaws.com/smartapp-icons/SafetyAndSecurity/Cat-SafetyAndSecurity@2x.png"},{"iconX3Url":"https://s3.amazonaws.com/smartthings-plus/dashboard-icons/things@3x.png","icon":"things","moduleSummary":[{"value":"4 Connected","iconColor":"#878787"}],"moduleId":"244bef2d-8f40-44c8-8c00-069764fd0177","smartAppCategoryId":null,"showModuleWithoutChildren":null,"childCount":4,"moduleType":"DEVICES","sortOrder":1,"hidden":false,"description":"Things","installedSmartAppId":null,"iconUrl":"https://s3.amazonaws.com/smartthings-plus/dashboard-icons/things.png","name":"Things","iconX2Url":"https://s3.amazonaws.com/smartthings-plus/dashboard-icons/things@2x.png"},{"iconX3Url":"https://s3.amazonaws.com/smartapp-icons/Labs/Cat-ST-Labs@3x.png","icon":"smartthings labs","moduleSummary":[{"value":"1 Installed","iconColor":"#878787"}],"moduleId":"d0109293-1e0a-4187-abe1-db0227baf23e","smartAppCategoryId":"2d94ac01-92dd-4fac-b212-cda40c989920","showModuleWithoutChildren":null,"childCount":1,"moduleType":"APP_CATEGORY","sortOrder":2,"hidden":false,"description":"Get access to early stage product integrations and services as the SmartThings team works to fine-tune them. To benefit from Smartthings Labs, your hub needs to be updated. Please contact SmartThings Support at labs@smartthings.com to get your hub updated.","installedSmartAppId":null,"iconUrl":"https://s3.amazonaws.com/smartapp-icons/Labs/Cat-ST-Labs.png","name":"SmartThings Labs","iconX2Url":"https://s3.amazonaws.com/smartapp-icons/Labs/Cat-ST-Labs@2x.png"},{"iconX3Url":"https://s3.amazonaws.com/smartthings-plus/dashboard-icons/convenience@3x.png","icon":"convenience","moduleSummary":[{"value":"1 Installed","iconColor":"#878787"}],"moduleId":"4de20587-cf5d-4a8b-8315-90195face9f0","smartAppCategoryId":"8a818a9b39c0de7f0139c0dec27a0014","showModuleWithoutChildren":null,"childCount":1,"moduleType":"APP_CATEGORY","sortOrder":3,"hidden":false,"description":"SmartApps that provide convenience for you.","installedSmartAppId":null,"iconUrl":"https://s3.amazonaws.com/smartthings-plus/dashboard-icons/convenience.png","name":"Convenience","iconX2Url":"https://s3.amazonaws.com/smartthings-plus/dashboard-icons/convenience@2x.png"}]