[{"id":"e0488f70-66cd-11e7-aa29-0695726958f5","hubId":"43e03a42-a3a6-43e1-a2c1-5af691161ad4","isVirtualHub":false,"description":"Your SmartThings Hub at Home is now active.","rawDescription":"Your SmartThings Hub at {{ locationName }} is now active.","displayed":true,"isStateChange":true,"linkText":"Home Hub","date":"2017-07-12T06:46:47.527Z","unixTime":1499842007527,"value":"active","viewed":false,"translatable":true,"archivable":true,"name":"hubStatus","locationId":"0c0c44d4-fae9-4c1a-abf5-34926f3d6652","eventSource":"HUB","data":"{\"hubId\":\"D052A8A06F4B0001\"}","messageArgs":{"locationName":"Home"}}]